BIOZ1_MAG,BIOZ1_PHASE,EXC_FREQ_KHZ,EXC_PIN,GND_PIN,SNS_AP_PIN,SNS_AN_PIN,PACKET_NUMBER
4.339864,3.106498,10,10,2,3,4,217
2.576999,3.090174,10,10,2,4,5,220
2.29688,3.121503,10,10,2,5,6,224
2.242804,3.112313,10,10,2,6,7,228
2.685187,3.106717,10,10,2,7,8,232
3.952559,3.114978,10,10,2,8,9,236
3.790207,-0.04319,10,10,2,11,12,240
2.22685,-0.046215,10,10,2,12,13,244
2.318135,-0.043605,10,10,2,13,14,248
3.568929,-0.041916,10,10,2,14,15,252
3.622522,-0.03595,10,10,2,15,16,0
3.827498,-0.047523,10,11,3,1,2,4
3.881853,3.099745,10,11,3,4,5,8
2.776969,3.108292,10,11,3,5,6,12
2.334577,3.114157,10,11,3,6,7,16
2.334788,3.114041,10,11,3,7,8,20
2.555475,3.111136,10,11,3,8,9,24
4.378358,3.102613,10,11,3,9,10,28
3.531598,-0.037424,10,11,3,12,13,32
2.501919,-0.038979,10,11,3,13,14,36
3.348477,-0.04059,10,11,3,14,15,40
3.293983,-0.047137,10,11,3,15,16,44
2.264566,-0.053267,10,12,4,1,2,48
3.736133,-0.049202,10,12,4,2,3,52
4.485887,3.112138,10,12,4,5,6,56
2.738881,3.114361,10,12,4,6,7,60
2.372326,3.107128,10,12,4,7,8,64
2.167969,3.127334,10,12,4,8,9,68
2.851361,3.096905,10,12,4,9,10,72
4.026848,3.106536,10,12,4,10,11,76
3.790218,-0.043337,10,12,4,13,14,80
3.660576,-0.040514,10,12,4,14,15,84
3.439235,-0.039073,10,12,4,15,16,88
2.005764,-0.044474,10,13,5,1,2,92
2.355868,-0.050514,10,13,5,2,3,96
4.232355,-0.045292,10,13,5,3,4,100
4.155936,3.103992,10,13,5,6,7,104
2.684558,3.106683,10,13,5,7,8,108
2.167895,3.127568,10,13,5,8,9,112
2.447733,3.0938,10,13,5,9,10,116
2.647096,3.112821,10,13,5,10,11,120
4.30248,3.110188,10,13,5,11,12,124
5.056904,-0.03463,10,13,5,14,15,128
4.323464,-0.043854,10,13,5,15,16,132
2.265104,-0.05338,10,14,6,1,2,136
2.081849,-0.059789,10,14,6,2,3,140
2.486254,-0.054278,10,14,6,3,4,144
3.668221,-0.06556,10,14,6,4,5,148
4.157416,3.103823,10,14,6,7,8,152
2.518449,3.117661,10,14,6,8,9,156
2.448162,3.093862,10,14,6,9,10,160
2.297626,3.121422,10,14,6,10,11,164
2.869163,3.110194,10,14,6,11,12,168
4.783035,3.103859,10,14,6,12,13,172
6.659975,-0.038079,10,14,6,15,16,176
3.29591,-0.046979,10,15,7,1,2,180
2.44931,-0.047662,10,15,7,2,3,184
2.357659,-0.050293,10,15,7,3,4,188
2.380601,-0.072881,10,15,7,4,5,192
3.975933,-0.040209,10,15,7,5,6,196
3.86276,3.114001,10,15,7,8,9,200
2.687085,3.106672,10,15,7,9,10,204
2.15231,3.110316,10,15,7,10,11,208
2.373432,3.107343,10,15,7,11,12,212
3.145089,3.114716,10,15,7,12,13,216
5.998998,3.106338,10,15,7,13,14,220
5.17166,-0.044103,10,16,8,1,2,224
3.036355,-0.040634,10,16,8,2,3,228
2.540231,-0.045227,10,16,8,3,4,232
2.196801,-0.080574,10,16,8,4,5,236
2.669593,-0.04893,10,16,8,5,6,240
4.233467,-0.045199,10,16,8,6,7,244
4.066088,3.102704,10,16,8,9,10,248
2.281179,3.105127,10,16,8,10,11,252
2.022496,3.116096,10,16,8,11,12,0
2.1513,3.110248,10,16,8,12,13,4
3.531378,3.104343,10,16,8,13,14,8
6.805036,3.107574,10,16,8,14,15,12
4.417292,-0.042549,10,1,9,2,3,16
2.890835,-0.050111,10,1,9,3,4,20
2.211661,-0.063274,10,1,9,4,5,24
2.319223,-0.043537,10,1,9,5,6,28
2.745846,-0.060553,10,1,9,6,7,32
4.287955,-0.040231,10,1,9,7,8,36
3.586767,3.110225,10,1,9,10,11,40
2.243932,3.112147,10,1,9,11,12,44
1.893376,3.122675,10,1,9,12,13,48
2.519118,3.117607,10,1,9,13,14,52
4.341403,3.106402,10,1,9,14,15,56
5.150235,3.107999,10,1,9,15,16,60
4.377974,-0.039011,10,2,10,3,4,64
2.523984,-0.060256,10,2,10,4,5,68
2.318607,-0.043484,10,2,10,5,6,72
2.264892,-0.053117,10,2,10,6,7,76
2.707153,-0.054767,10,2,10,7,8,80
3.973945,-0.040189,10,2,10,8,9,84
3.678497,3.111504,10,2,10,11,12,88
2.151872,3.110194,10,2,10,12,13,92
2.28125,3.10504,10,2,10,13,14,96
3.457428,3.113627,10,2,10,14,15,100
3.640173,3.116064,10,2,10,15,16,104
3.732574,3.117097,10,3,11,1,2,108
4.034792,-0.057572,10,3,11,4,5,112
2.799227,-0.052404,10,3,11,5,6,116
2.280979,-0.036497,10,3,11,6,7,120
2.302917,-0.059907,10,3,11,7,8,124
2.593736,-0.036782,10,3,11,8,9,128
4.401027,-0.051171,10,3,11,9,10,132
3.532007,3.104259,10,3,11,12,13,136
2.464659,3.10924,10,3,11,13,14,140
3.257203,3.099392,10,3,11,14,15,144
3.273678,3.110766,10,3,11,15,16,148
2.243343,3.112053,10,4,12,1,2,152
3.715515,3.106705,10,4,12,2,3,156
4.508061,-0.041547,10,4,12,5,6,160
2.72293,-0.041166,10,4,12,6,7,164
2.318548,-0.04369,10,4,12,7,8,168
2.189377,-0.039095,10,4,12,8,9,172
2.875257,-0.063509,10,4,12,9,10,176
4.049743,-0.048388,10,4,12,10,11,180
3.807537,3.108194,10,4,12,13,14,184
3.585825,3.110132,10,4,12,14,15,188
3.419294,3.118416,10,4,12,15,16,192
2.022199,3.116093,10,5,13,1,2,196
2.334913,3.114307,10,5,13,2,3,200
4.211277,3.109162,10,5,13,3,4,204
4.232594,-0.045174,10,5,13,6,7,208
2.669359,-0.048961,10,5,13,7,8,212
2.151872,-0.031399,10,5,13,8,9,216
2.486247,-0.054132,10,5,13,9,10,220
2.631655,-0.042987,10,5,13,10,11,224
4.249958,-0.036407,10,5,13,11,12,228
5.021332,3.110166,10,5,13,14,15,232
4.265774,3.114022,10,5,13,15,16,236
2.244052,3.112412,10,6,14,1,2,240
2.060699,3.108004,10,6,14,2,3,244
2.502944,3.10271,10,6,14,3,4,248
3.738201,3.092637,10,6,14,4,5,252
4.142192,-0.046611,10,6,14,7,8,0
2.540827,-0.045193,10,6,14,8,9,4
2.471585,-0.069413,10,6,14,9,10,8
2.281856,-0.036607,10,6,14,10,11,12
2.853448,-0.044526,10,6,14,11,12,16
4.860317,-0.044432,10,6,14,12,13,20
6.662139,3.103432,10,6,14,15,16,24
3.275297,3.11104,10,7,15,1,2,28
2.428003,3.115898,10,7,15,2,3,32
2.336914,3.114118,10,7,15,3,4,36
2.282462,3.104932,10,7,15,4,5,40
3.939473,3.105252,10,7,15,5,6,44
3.885277,-0.04183,10,7,15,8,9,48
2.709633,-0.054984,10,7,15,9,10,52
2.098878,-0.041567,10,7,15,10,11,56
2.358006,-0.05029,10,7,15,11,12,60
3.204924,-0.048921,10,7,15,12,13,64
6.020795,-0.044169,10,7,15,13,14,68
5.134157,3.100575,10,8,16,1,2,72
2.998711,3.106244,10,8,16,2,3,76
2.502654,3.102619,10,8,16,3,4,80
2.098137,3.100048,10,8,16,4,5,84
2.648188,3.112771,10,8,16,5,6,88
4.25021,3.105157,10,8,16,6,7,92
4.088269,-0.052256,10,8,16,9,10,96
2.227567,-0.04615,10,8,16,10,11,100
2.006342,-0.044175,10,8,16,11,12,104
2.227762,-0.046119,10,8,16,12,13,108
3.570602,-0.041848,10,8,16,13,14,112
6.828781,-0.042014,10,8,16,14,15,116
4.377851,3.102523,10,9,1,2,3,120
2.868498,3.110013,10,9,1,3,4,124
2.135373,3.092366,10,9,1,4,5,128
2.297289,3.121419,10,9,1,5,6,132
2.776883,3.108379,10,9,1,6,7,136
4.264521,3.114016,10,9,1,7,8,140
3.607179,-0.046425,10,9,1,10,11,144
2.2647,-0.053295,10,9,1,11,12,148
1.914306,-0.047371,10,9,1,12,13,152
2.577079,-0.051506,10,9,1,13,14,156
4.41587,-0.042614,10,9,1,14,15,160
5.133098,-0.040993,10,9,1,15,16,164
4.339736,3.106512,10,10,2,3,4,168
2.500958,3.102723,10,10,2,4,5,172
2.280373,3.105149,10,10,2,5,6,176
2.3343,3.114214,10,10,2,6,7,180
2.647013,3.112909,10,10,2,7,8,184
3.951744,3.115004,10,10,2,8,9,188
3.697819,-0.044729,10,10,2,11,12,192
2.226718,-0.046187,10,10,2,12,13,196
2.31786,-0.043549,10,10,2,13,14,200
3.568828,-0.041975,10,10,2,14,15,204
3.65981,-0.040342,10,10,2,15,16,208
3.735911,-0.049173,10,11,3,1,2,212
4.048074,3.093256,10,11,3,4,5,216
2.776397,3.108317,10,11,3,5,6,220
2.334234,3.114154,10,11,3,6,7,224
2.280245,3.105031,10,11,3,7,8,228
2.572016,3.125723,10,11,3,8,9,232
4.376935,3.102695,10,11,3,9,10,236
3.606221,-0.046371,10,11,3,12,13,240
2.485151,-0.05414,10,11,3,13,14,244
3.347484,-0.040449,10,11,3,14,15,248
3.293592,-0.047081,10,11,3,15,16,252
2.226196,-0.046221,10,12,4,1,2,0
3.735795,-0.049086,10,12,4,2,3,4
4.485089,3.112223,10,12,4,5,6,8
2.813832,3.102607,10,12,4,6,7,12
2.296614,3.121413,10,12,4,7,8,16
2.204576,3.119746,10,12,4,8,9,20
2.813585,3.102576,10,12,4,9,10,24
4.042627,3.115937,10,12,4,10,11,28
3.827044,-0.047467,10,12,4,13,14,32
3.622646,-0.036184,10,12,4,14,15,36
3.477311,-0.043693,10,12,4,15,16,40
1.989741,-0.063458,10,13,5,1,2,44
2.355861,-0.050367,10,13,5,2,3,48
4.232368,-0.045439,10,13,5,3,4,52
4.285679,3.101468,10,13,5,6,7,56
2.684793,3.106714,10,13,5,7,8,60
2.167705,3.127537,10,13,5,8,9,64
2.463573,3.109231,10,13,5,9,10,68
2.647096,3.112821,10,13,5,10,11,72
4.21054,3.1091,10,13,5,11,12,76
5.094009,-0.037927,10,13,5,14,15,80
4.247701,-0.0363,10,13,5,15,16,84
2.265302,-0.053349,10,14,6,1,2,88
2.081973,-0.059818,10,14,6,2,3,92
2.524141,-0.060431,10,14,6,3,4,96
3.797557,-0.067528,10,14,6,4,5,100
4.119967,3.107733,10,14,6,7,8,104
2.555851,3.111139,10,14,6,8,9,108
2.448238,3.093775,10,14,6,9,10,112
2.28105,3.105008,10,14,6,10,11,116
2.83167,3.11592,10,14,6,11,12,120
4.87415,3.104854,10,14,6,12,13,124
6.659391,-0.03811,10,14,6,15,16,128
3.295817,-0.047038,10,15,7,1,2,132
2.449165,-0.047634,10,15,7,2,3,136
2.357519,-0.050265,10,15,7,3,4,140
2.457147,-0.084885,10,15,7,4,5,144
4.01434,-0.044225,10,15,7,5,6,148
3.862651,3.113942,10,15,7,8,9,152
2.670536,3.09264,10,15,7,9,10,156
2.077727,3.126144,10,15,7,10,11,160
2.244319,3.112356,10,15,7,11,12,164
3.220669,3.104416,10,15,7,12,13,168
5.999167,3.106397,10,15,7,13,14,172
5.133388,-0.040874,10,16,8,1,2,176
3.035995,-0.040578,10,16,8,2,3,180
2.53993,-0.045171,10,16,8,3,4,184
2.158519,-0.073756,10,16,8,4,5,188
2.669435,-0.048902,10,16,8,5,6,192
4.232965,-0.045143,10,16,8,6,7,196
4.049365,3.093468,10,16,8,9,10,200
2.24333,3.112347,10,16,8,10,11,204
1.930643,3.113964,10,16,8,11,12,208
2.205996,3.119876,10,16,8,12,13,212
3.511142,3.119599,10,16,8,13,14,216
6.842937,3.105096,10,16,8,14,15,220
4.380288,-0.038971,10,1,9,2,3,224
2.891684,-0.050105,10,1,9,3,4,228
2.159031,-0.073869,10,1,9,4,5,232
2.319636,-0.043622,10,1,9,5,6,236
2.838238,-0.057949,10,1,9,6,7,240
4.288707,-0.040169,10,1,9,7,8,244
3.587193,3.110169,10,1,9,10,11,248
2.168979,3.127549,10,1,9,11,12,252
1.931217,3.113823,10,1,9,12,13,0
2.557057,3.111061,10,1,9,13,14,4
4.472123,3.103888,10,1,9,14,15,8
5.114418,3.111032,10,1,9,15,16,12
4.417043,-0.042668,10,2,10,3,4,16
2.586382,-0.086925,10,2,10,4,5,20
2.318954,-0.043628,10,2,10,5,6,24
2.432971,-0.063303,10,2,10,6,7,28
2.631893,-0.043103,10,2,10,7,8,32
3.974888,-0.040302,10,2,10,8,9,36
3.678175,3.111473,10,2,10,11,12,40
2.1895,3.102616,10,2,10,12,13,44
2.244059,3.112265,10,2,10,13,14,48
3.586767,3.110225,10,2,10,14,15,52
3.640605,3.116008,10,2,10,15,16,56
3.694877,3.121651,10,3,11,1,2,60
4.126248,-0.055909,10,3,11,4,5,64
2.761306,-0.046729,10,3,11,5,6,68
2.486317,-0.054072,10,3,11,6,7,72
2.303464,-0.06002,10,3,11,7,8,76
2.593809,-0.036722,10,3,11,8,9,80
4.400504,-0.051115,10,3,11,9,10,84
3.586666,3.110166,10,3,11,12,13,88
2.464951,3.109184,10,3,11,13,14,92
3.311719,3.105876,10,3,11,14,15,96
3.273863,3.110884,10,3,11,15,16,100
2.206015,3.119436,10,4,12,1,2,104
3.715515,3.106705,10,4,12,2,3,108
4.507793,-0.041519,10,4,12,5,6,112
2.890418,-0.050261,10,4,12,6,7,116
2.318823,-0.043746,10,4,12,7,8,120
2.243736,-0.029477,10,4,12,8,9,124
2.783495,-0.066133,10,4,12,9,10,128
4.065744,-0.039067,10,4,12,10,11,132
3.807086,3.108251,10,4,12,13,14,136
3.623484,3.105589,10,4,12,14,15,140
3.456218,3.113502,10,4,12,15,16,144
1.984743,3.124496,10,5,13,1,2,148
2.334636,3.114363,10,5,13,2,3,152
4.210909,3.109131,10,5,13,3,4,156
4.286683,-0.04009,10,5,13,6,7,160
2.669201,-0.048933,10,5,13,7,8,164
2.226975,-0.046096,10,5,13,8,9,168
2.47028,-0.069453,10,5,13,9,10,172
2.631499,-0.042959,10,5,13,10,11,176
4.233479,-0.045346,10,5,13,11,12,180
5.096398,3.103734,10,5,13,14,15,184
4.265521,3.11405,10,5,13,15,16,188
2.206451,3.119851,10,6,14,1,2,192
2.060641,3.107945,10,6,14,2,3,196
2.46509,3.109302,10,6,14,3,4,200
3.776602,3.088397,10,6,14,4,5,204
4.143176,-0.046724,10,6,14,7,8,208
2.556905,-0.030504,10,6,14,8,9,212
2.471439,-0.069385,10,6,14,9,10,216
2.281449,-0.036522,10,6,14,10,11,220
2.853367,-0.044585,10,6,14,11,12,224
4.85974,-0.044376,10,6,14,12,13,228
6.661536,3.103547,10,6,14,15,16,232
3.275195,3.111128,10,7,15,1,2,236
2.428505,3.115873,10,7,15,2,3,240
2.320042,3.098033,10,7,15,3,4,244
2.525697,3.081232,10,7,15,4,5,248
3.955822,3.114877,10,7,15,5,6,252
3.923239,-0.045871,10,7,15,8,9,0
2.655013,-0.063384,10,7,15,9,10,4
2.136622,-0.049068,10,7,15,10,11,8
2.228424,-0.04626,10,7,15,11,12,12
3.281035,-0.058643,10,7,15,12,13,16
6.02117,-0.044344,10,7,15,13,14,20
5.05929,3.106883,10,8,16,1,2,24
3.036725,3.100755,10,8,16,2,3,28
2.502435,3.102588,10,8,16,3,4,32
2.265699,3.088306,10,8,16,4,5,36
2.648577,3.112774,10,8,16,5,6,40
4.212408,3.108962,10,8,16,6,7,44
4.088743,-0.052165,10,8,16,9,10,48
2.227567,-0.04615,10,8,16,10,11,52
1.914473,-0.047339,10,8,16,11,12,56
2.265225,-0.053114,10,8,16,12,13,60
3.51659,-0.048001,10,8,16,13,14,64
6.866007,-0.044385,10,8,16,14,15,68
4.340006,3.106337,10,9,1,2,3,72
2.852119,3.096852,10,9,1,3,4,76
2.302585,3.081536,10,9,1,4,5,80
2.296951,3.121416,10,9,1,5,6,84
2.776545,3.108582,10,9,1,6,7,88
4.263642,3.114041,10,9,1,7,8,92
3.56914,-0.041944,10,9,1,10,11,96
2.13486,-0.048967,10,9,1,11,12,100
1.951964,-0.055496,10,9,1,12,13,104
2.539564,-0.045321,10,9,1,13,14,108
4.4537,-0.046215,10,9,1,14,15,112
5.132489,-0.040936,10,9,1,15,16,116
4.377319,3.102726,10,10,2,3,4,120
2.652666,3.078338,10,10,2,4,5,124
2.334366,3.114273,10,10,2,5,6,128
2.371971,3.107272,10,10,2,6,7,132
2.572241,3.125755,10,10,2,7,8,136
3.951398,3.114973,10,10,2,8,9,140
3.697923,-0.044669,10,10,2,11,12,144
2.264297,-0.053211,10,10,2,12,13,148
2.318063,-0.043518,10,10,2,13,14,152
3.644427,-0.0507,10,10,2,14,15,156
3.660565,-0.040368,10,10,2,15,16,160
3.698049,-0.044904,10,11,3,1,2,164
4.124443,3.085528,10,11,3,4,5,168
2.738556,3.114418,10,11,3,5,6,172
2.372252,3.107215,10,11,3,6,7,176
2.205354,3.119724,10,11,3,7,8,180
2.609888,3.11911,10,11,3,8,9,184
4.378098,3.102641,10,11,3,9,10,188
3.698477,-0.044813,10,11,3,12,13,192
2.486029,-0.054163,10,11,3,13,14,196
3.385387,-0.045295,10,11,3,14,15,200
3.331889,-0.051898,10,11,3,15,16,204
2.264502,-0.053326,10,12,4,1,2,208
3.752221,-0.039042,10,12,4,2,3,212
4.469508,3.103729,10,12,4,5,6,216
2.867988,3.110098,10,12,4,6,7,220
2.24281,3.112166,10,12,4,7,8,224
2.24281,3.112166,10,12,4,8,9,228
2.813919,3.10252,10,12,4,9,10,232
4.081139,3.111738,10,12,4,10,11,236
3.789768,-0.043281,10,12,4,13,14,240
3.660576,-0.040514,10,12,4,14,15,244
3.477115,-0.043811,10,12,4,15,16,248
2.005232,-0.044421,10,13,5,1,2,252
2.355795,-0.050426,10,13,5,2,3,0
4.178401,-0.050654,10,13,5,3,4,4
4.285691,3.101321,10,13,5,6,7,8
2.609652,3.119225,10,13,5,7,8,12
2.242804,3.112313,10,13,5,8,9,16
2.371763,3.10724,10,13,5,9,10,20
2.60904,3.119191,10,13,5,10,11,24
4.21029,3.109128,10,13,5,11,12,28
5.131127,-0.040883,10,13,5,14,15,32
4.246574,-0.036247,10,13,5,15,16,36
2.264368,-0.053298,10,14,6,1,2,40
2.081602,-0.059733,10,14,6,2,3,44
2.485889,-0.054281,10,14,6,3,4,48
3.835428,-0.071348,10,14,6,4,5,52
4.11899,3.107846,10,14,6,7,8,56
2.572394,3.125726,10,14,6,8,9,60
2.356141,3.091169,10,14,6,9,10,64
2.280644,3.105093,10,14,6,10,11,68
2.793113,3.122,10,14,6,11,12,72
4.836184,3.108244,10,14,6,12,13,76
6.695743,-0.040358,10,14,6,15,16,80
3.295034,-0.046925,10,15,7,1,2,84
2.41075,-0.041095,10,15,7,2,3,88
2.357099,-0.05018,10,15,7,3,4,92
2.547849,-0.081058,10,15,7,4,5,96
3.974989,-0.040096,10,15,7,5,6,100
3.89957,3.109769,10,15,7,8,9,104
2.594109,3.104961,10,15,7,9,10,108
2.097757,3.10028,10,15,7,10,11,112
2.206189,3.119907,10,15,7,11,12,116
3.311803,3.106083,10,15,7,12,13,120
6.014008,3.112719,10,15,7,13,14,124
5.040695,-0.041956,10,16,8,1,2,128
3.035995,-0.040578,10,16,8,2,3,132
2.539628,-0.045114,10,16,8,3,4,136
2.287585,-0.076494,10,16,8,4,5,140
2.684785,-0.034732,10,16,8,5,6,144
4.141092,-0.046557,10,16,8,6,7,148
4.027416,3.106833,10,16,8,9,10,152
2.242994,3.112491,10,16,8,10,11,156
1.855591,3.131909,10,16,8,11,12,160
2.243133,3.112316,10,16,8,12,13,164
3.532007,3.104259,10,16,8,13,14,168
6.842125,3.105152,10,16,8,14,15,172
4.378864,-0.038889,10,1,9,2,3,176
2.890573,-0.049995,10,1,9,3,4,180
2.326645,-0.082972,10,1,9,4,5,184
2.356693,-0.050389,10,1,9,5,6,188
2.669359,-0.048961,10,1,9,6,7,192
4.287313,-0.040087,10,1,9,7,8,196
3.549174,3.114864,10,1,9,10,11,200
2.077305,3.126023,10,1,9,11,12,204
1.931102,3.113851,10,1,9,12,13,208
2.519559,3.11767,10,1,9,13,14,212
4.433758,3.107545,10,1,9,14,15,216
5.113059,3.111086,10,1,9,15,16,220
4.416905,-0.04258,10,2,10,3,4,224
2.67717,-0.083246,10,2,10,4,5,228
2.318469,-0.043455,10,2,10,5,6,232
2.280573,-0.036412,10,2,10,6,7,236
2.631499,-0.042959,10,2,10,7,8,240
3.973709,-0.040161,10,2,10,8,9,244
3.677624,3.111617,10,2,10,11,12,248
2.205734,3.119933,10,2,10,12,13,252
2.243197,3.112375,10,2,10,13,14,0
3.660989,3.101316,10,2,10,14,15,4
3.640071,3.116005,10,2,10,15,16,8
3.640173,3.116064,10,3,11,1,2,12
4.164051,-0.059611,10,3,11,4,5,16
2.76122,-0.046642,10,3,11,5,6,20
2.318744,-0.043512,10,3,11,6,7,24
2.226843,-0.046068,10,3,11,7,8,28
2.631499,-0.042959,10,3,11,8,9,32
4.400504,-0.051115,10,3,11,9,10,36
3.678175,3.111473,10,3,11,12,13,40
2.464366,3.109296,10,3,11,13,14,44
3.440332,3.102732,10,3,11,14,15,48
3.289889,3.122342,10,3,11,15,16,52
2.243343,3.112053,10,4,12,1,2,56
3.715075,3.106761,10,4,12,2,3,60
4.562255,-0.036819,10,4,12,5,6,64
2.798824,-0.052554,10,4,12,6,7,68
2.264976,-0.053499,10,4,12,7,8,72
2.281128,-0.036819,10,4,12,8,9,76
2.707169,-0.055061,10,4,12,9,10,80
4.087311,-0.05229,10,4,12,10,11,84
3.806634,3.108307,10,4,12,13,14,88
3.715064,3.106908,10,4,12,14,15,92
3.45612,3.113443,10,4,12,15,16,96
2.022319,3.116064,10,5,13,1,2,100
2.297555,3.121509,10,5,13,2,3,104
4.174165,3.113039,10,5,13,3,4,108
4.324869,-0.043936,10,5,13,6,7,112
2.631811,-0.043015,10,5,13,7,8,116
2.265097,-0.053233,10,5,13,8,9,120
2.264963,-0.053205,10,5,13,9,10,124
2.631811,-0.043015,10,5,13,10,11,128
4.195408,-0.041519,10,5,13,11,12,132
5.133548,3.100631,10,5,13,14,15,136
4.211527,3.109134,10,5,13,15,16,140
2.281514,3.10513,10,6,14,1,2,144
2.02309,3.116101,10,6,14,2,3,148
2.465599,3.109277,10,6,14,3,4,152
3.83018,3.094318,10,6,14,4,5,156
4.105075,-0.042825,10,6,14,7,8,160
2.594879,-0.036773,10,6,14,8,9,164
2.227832,-0.046206,10,6,14,9,10,168
2.30373,-0.059929,10,6,14,10,11,172
2.816058,-0.038852,10,6,14,11,12,176
4.859603,-0.044435,10,6,14,12,13,180
6.678648,3.109143,10,6,14,15,16,184
3.275297,3.11104,10,7,15,1,2,188
2.428505,3.115873,10,7,15,2,3,192
2.282462,3.104932,10,7,15,3,4,196
2.3963,3.084524,10,7,15,4,5,200
3.99308,3.110676,10,7,15,5,6,204
3.885277,-0.04183,10,7,15,8,9,208
2.525697,-0.06036,10,7,15,9,10,212
2.13681,-0.049037,10,7,15,10,11,216
2.282191,-0.036604,10,7,15,11,12,220
3.334827,-0.051881,10,7,15,12,13,224
6.02151,-0.044225,10,7,15,13,14,228
4.967578,3.105876,10,8,16,1,2,232
3.036544,3.100784,10,8,16,2,3,236
2.502435,3.102588,10,8,16,3,4,240
2.152127,3.110138,10,8,16,4,5,244
2.648188,3.112771,10,8,16,5,6,248
4.083526,3.111897,10,8,16,6,7,252
4.051758,-0.04826,10,8,16,9,10,0
2.266032,-0.053284,10,8,16,10,11,4
1.915096,-0.047421,10,8,16,11,12,8
2.265494,-0.053171,10,8,16,12,13,12
3.570502,-0.041907,10,8,16,13,14,16
6.866201,-0.044325,10,8,16,14,15,20
4.339883,3.106278,10,9,1,2,3,24
2.830591,3.115884,10,9,1,3,4,28
2.150991,3.110098,10,9,1,4,5,32
2.31841,3.097931,10,9,1,5,6,36
2.647327,3.112853,10,9,1,6,7,40
4.30248,3.110188,10,9,1,7,8,44
3.568929,-0.041916,10,9,1,10,11,48
2.134987,-0.048995,10,9,1,11,12,52
2.005464,-0.04433,10,9,1,12,13,56
2.576926,-0.051478,10,9,1,13,14,60
4.545052,-0.044854,10,9,1,14,15,64
5.170609,-0.044224,10,9,1,15,16,68
4.377319,3.102726,10,10,2,3,4,72
2.614826,3.0842,10,10,2,4,5,76
2.334228,3.114301,10,10,2,5,6,80
2.29688,3.121503,10,10,2,6,7,84
2.646774,3.113025,10,10,2,7,8,88
3.951275,3.11506,10,10,2,8,9,92
3.660028,-0.04037,10,10,2,11,12,96
2.317723,-0.043521,10,10,2,12,13,100
2.280174,-0.036474,10,10,2,13,14,104
3.643892,-0.050703,10,10,2,14,15,108
3.660234,-0.040252,10,10,2,15,16,112
3.659821,-0.040489,10,11,3,1,2,116
4.123837,3.085525,10,11,3,4,5,120
2.738881,3.114361,10,11,3,5,6,124
2.280515,3.104974,10,11,3,6,7,128
2.280786,3.104918,10,11,3,7,8,132
2.609807,3.119197,10,11,3,8,9,136
4.339491,3.106393,10,11,3,9,10,140
3.698257,-0.044785,10,11,3,12,13,144
2.485881,-0.054134,10,11,3,13,14,148
3.439633,-0.038982,10,11,3,14,15,152
3.31055,-0.035694,10,11,3,15,16,156
2.264637,-0.053355,10,12,4,1,2,160
3.736016,-0.049114,10,12,4,2,3,164
4.523104,3.108451,10,12,4,5,6,168
2.739043,3.114333,10,12,4,6,7,172
2.318207,3.0979,10,12,4,7,8,176
2.259595,3.128739,10,12,4,8,9,180
2.60935,3.119135,10,12,4,9,10,184
4.043815,3.115943,10,12,4,10,11,188
3.806086,-0.033435,10,12,4,13,14,192
3.736133,-0.049202,10,12,4,14,15,196
3.477213,-0.043752,10,12,4,15,16,200
2.043355,-0.052293,10,13,5,1,2,204
2.31841,-0.043662,10,13,5,2,3,208
4.178767,-0.050623,10,13,5,3,4,212
4.248086,3.105177,10,13,5,6,7,216
2.647253,3.112793,10,13,5,7,8,220
2.242671,3.112341,10,13,5,8,9,224
2.205292,3.119664,10,13,5,9,10,228
2.593055,3.104718,10,13,5,10,11,232
4.210671,3.109012,10,13,5,11,12,236
5.132809,-0.041111,10,13,5,14,15,240
4.248457,-0.036385,10,13,5,15,16,244
2.356634,-0.050596,10,14,6,1,2,248
2.044013,-0.052228,10,14,6,2,3,252
2.4481,-0.047937,10,14,6,3,4,0
3.835884,-0.071404,10,14,6,4,5,4
4.119479,3.107789,10,14,6,7,8,8
2.593435,3.10472,10,14,6,8,9,12
2.205354,3.119724,10,14,6,9,10,16
2.243,3.112344,10,14,6,10,11,20
2.793358,3.122032,10,14,6,11,12,24
4.874288,3.104913,10,14,6,12,13,28
6.69616,-0.040533,10,14,6,15,16,32
3.257193,-0.042053,10,15,7,1,2,36
2.410675,-0.041007,10,15,7,2,3,40
2.281443,-0.036375,10,15,7,3,4,44
2.433466,-0.063181,10,15,7,4,5,48
4.013274,-0.044172,10,15,7,5,6,52
3.862422,3.11397,10,15,7,8,9,56
2.465306,3.109333,10,15,7,9,10,60
2.114923,3.118133,10,15,7,10,11,64
2.261178,3.128988,10,15,7,11,12,68
3.258445,3.099429,10,15,7,12,13,72
5.999524,3.106369,10,15,7,13,14,76
5.004996,-0.038798,10,16,8,1,2,80
3.036355,-0.040634,10,16,8,2,3,84
2.486752,-0.05401,10,16,8,3,4,88
2.250041,-0.070023,10,16,8,4,5,92
2.669593,-0.04893,10,16,8,5,6,96
4.065721,-0.038773,10,16,8,6,7,100
4.011856,3.097443,10,16,8,9,10,104
2.205609,3.119814,10,16,8,10,11,108
1.893152,3.122732,10,16,8,11,12,112
2.31881,3.09814,10,16,8,12,13,116
3.531587,3.104315,10,16,8,13,14,120
6.842125,3.105152,10,16,8,14,15,124
4.379508,-0.038886,10,1,9,2,3,128
2.853367,-0.044585,10,1,9,3,4,132
2.250308,-0.070079,10,1,9,4,5,136
2.357106,-0.050327,10,1,9,5,6,140
2.670227,-0.049043,10,1,9,6,7,144
4.272363,-0.049043,10,1,9,7,8,148
3.533254,3.104236,10,1,9,10,11,152
2.152383,3.110081,10,1,9,11,12,156
2.060764,3.107917,10,1,9,12,13,160
2.519267,3.117579,10,1,9,13,14,164
4.471731,3.103856,10,1,9,14,15,168
5.151764,3.107858,10,1,9,15,16,172
4.363109,-0.04757,10,2,10,3,4,176
2.562863,-0.066248,10,2,10,4,5,180
2.357386,-0.050384,10,2,10,5,6,184
2.265359,-0.053143,10,2,10,6,7,188
2.66991,-0.048987,10,2,10,7,8,192
3.974888,-0.040302,10,2,10,8,9,196
3.640822,3.11598,10,2,10,11,12,200
2.335745,3.114138,10,2,10,12,13,204
2.28172,3.105014,10,2,10,13,14,208
3.624436,3.105683,10,2,10,14,15,212
3.640924,3.116039,10,2,10,15,16,216
3.640924,3.116039,10,3,11,1,2,220
4.126248,-0.055909,10,3,11,4,5,224
2.761306,-0.046729,10,3,11,5,6,228
2.319157,-0.043597,10,3,11,6,7,232
2.303392,-0.059932,10,3,11,7,8,236
2.594579,-0.036863,10,3,11,8,9,240
4.363109,-0.04757,10,3,11,9,10,244
3.662396,3.101206,10,3,11,12,13,248
2.464805,3.109212,10,3,11,13,14,252
3.40273,3.107399,10,3,11,14,15,0
3.273668,3.110913,10,3,11,15,16,4
2.260399,3.128569,10,4,12,1,2,8
3.715075,3.106761,10,4,12,2,3,12
4.545476,-0.045117,10,4,12,5,6,16
2.761072,-0.046908,10,4,12,6,7,20
2.318686,-0.043718,10,4,12,7,8,24
2.264969,-0.053352,10,4,12,8,9,28
2.631663,-0.043134,10,4,12,9,10,32
4.050098,-0.048356,10,4,12,10,11,36
3.80686,3.108279,10,4,12,13,14,40
3.661331,3.101053,10,4,12,14,15,44
3.418696,3.118354,10,4,12,15,16,48
2.059489,3.107993,10,5,13,1,2,52
2.334775,3.114335,10,5,13,2,3,56
4.173304,3.113065,10,5,13,3,4,60
4.157521,-0.037564,10,5,13,6,7,64
2.669201,-0.048933,10,5,13,7,8,68
2.226843,-0.046068,10,5,13,8,9,72
2.264694,-0.053148,10,5,13,9,10,76
2.631425,-0.043018,10,5,13,10,11,80
4.232845,-0.045202,10,5,13,11,12,84
5.17166,3.09749,10,5,13,14,15,88
4.228998,3.117865,10,5,13,15,16,92
2.335738,3.114285,10,6,14,1,2,96
2.022856,3.116011,10,6,14,2,3,100
2.390015,3.123051,10,6,14,3,4,104
3.775705,3.088509,10,6,14,4,5,108
4.142684,-0.046667,10,6,14,7,8,112
2.59419,-0.036719,10,6,14,8,9,116
2.227498,-0.046062,10,6,14,9,10,120
2.265692,-0.05314,10,6,14,10,11,124
2.815064,-0.03883,10,6,14,11,12,128
4.898344,-0.047781,10,6,14,12,13,132
6.679442,3.109087,10,6,14,15,16,136
3.238189,3.115991,10,7,15,1,2,140
2.374559,3.107117,10,7,15,2,3,144
2.207561,3.119685,10,7,15,3,4,148
2.503835,3.10254,10,7,15,4,5,152
3.955476,3.114846,10,7,15,5,6,156
3.885046,-0.041802,10,7,15,8,9,160
2.503757,-0.038965,10,7,15,9,10,164
2.099062,-0.041536,10,7,15,10,11,168
2.282391,-0.036573,10,7,15,11,12,172
3.259016,-0.042101,10,7,15,12,13,176
6.059935,-0.046979,10,7,15,13,14,180
4.92961,3.109212,10,8,16,1,2,184
3.052978,3.113219,10,8,16,2,3,188
2.42729,3.115892,10,8,16,3,4,192
2.319636,3.097971,10,8,16,4,5,196
2.648188,3.112771,10,8,16,5,6,200
3.991433,3.110727,10,8,16,6,7,204
4.013524,-0.044347,10,8,16,9,10,208
2.227901,-0.046294,10,8,16,10,11,212
1.914982,-0.047393,10,8,16,11,12,216
2.357659,-0.050293,10,8,16,12,13,220
3.555681,-0.052536,10,8,16,13,14,224
6.867424,-0.04441,10,8,16,14,15,228
4.340263,3.106309,10,9,1,2,3,232
2.814754,3.102379,10,9,1,3,4,236
2.303197,3.081483,10,9,1,4,5,240
2.280715,3.105006,10,9,1,5,6,244
2.647724,3.112709,10,9,1,6,7,248
4.265521,3.11405,10,9,1,7,8,252
3.569352,-0.041972,10,9,1,10,11,0
2.135307,-0.049139,10,9,1,11,12,4
2.135114,-0.049024,10,9,1,12,13,8
2.577385,-0.051562,10,9,1,13,14,12
4.49132,-0.049727,10,9,1,14,15,16
5.170448,-0.044137,10,9,1,15,16,20
4.339478,3.10654,10,10,2,3,4,24
2.630726,3.098628,10,10,2,4,5,28
2.31786,3.098044,10,10,2,5,6,32
2.242734,3.1124,10,10,2,6,7,36
2.646542,3.112994,10,10,2,7,8,40
3.989076,3.110862,10,10,2,8,9,44
3.622195,-0.035834,10,10,2,11,12,48
2.393688,-0.056914,10,10,2,12,13,52
2.280444,-0.036531,10,10,2,13,14,56
3.698581,-0.044754,10,10,2,14,15,60
3.607281,-0.046366,10,10,2,15,16,64
3.698049,-0.044904,10,11,3,1,2,68
4.102073,3.098606,10,11,3,4,5,72
2.738881,3.114361,10,11,3,5,6,76
2.242608,3.112282,10,11,3,6,7,80
2.280444,3.105062,10,11,3,7,8,84
2.572016,3.125723,10,11,3,8,9,88
4.302224,3.110217,10,11,3,9,10,92
3.644756,-0.050816,10,11,3,12,13,96
2.485586,-0.054078,10,11,3,13,14,100
3.476791,-0.043549,10,11,3,14,15,104
3.256053,-0.042178,10,11,3,15,16,108
2.264368,-0.053298,10,12,4,1,2,112
3.736238,-0.049142,10,12,4,2,3,116
4.506456,3.100215,10,12,4,5,6,120
2.738154,3.114415,10,12,4,6,7,124
2.280045,3.105,10,12,4,7,8,128
2.242348,3.112191,10,12,4,8,9,132
2.646789,3.112731,10,12,4,9,10,136
4.043587,3.115824,10,12,4,10,11,140
3.827952,-0.04758,10,12,4,13,14,144
3.698049,-0.044904,10,12,4,14,15,148
3.439235,-0.039073,10,12,4,15,16,152
2.042749,-0.052152,10,13,5,1,2,156
2.355655,-0.050398,10,13,5,2,3,160
4.178023,-0.050538,10,13,5,3,4,164
4.156053,3.104051,10,13,5,6,7,168
2.647253,3.112793,10,13,5,7,8,172
2.242937,3.112285,10,13,5,8,9,176
2.242937,3.112285,10,13,5,9,10,180
2.609962,3.119169,10,13,5,10,11,184
4.227875,3.117918,10,13,5,11,12,188
5.170141,-0.044108,10,13,5,14,15,192
4.248073,-0.036269,10,13,5,15,16,196
2.318686,-0.043718,10,14,6,1,2,200
2.044013,-0.052228,10,14,6,2,3,204
2.410478,-0.041332,10,14,6,3,4,208
3.759834,-0.063421,10,14,6,4,5,212
4.119723,3.107761,10,14,6,7,8,216
2.572997,3.12576,10,14,6,8,9,220
2.280979,3.105096,10,14,6,9,10,224
2.206002,3.119729,10,14,6,10,11,228
2.793524,3.122003,10,14,6,11,12,232
4.874729,3.104797,10,14,6,12,13,236
6.697541,-0.040559,10,14,6,15,16,240
3.296105,-0.047007,10,15,7,1,2,244
2.410818,-0.041036,10,15,7,2,3,248
2.227825,-0.046059,10,15,7,3,4,252
2.563008,-0.066129,10,15,7,4,5,0
3.974876,-0.040155,10,15,7,5,6,4
3.89957,3.109769,10,15,7,8,9,8
2.502717,3.102825,10,15,7,9,10,12
2.060397,3.108002,10,15,7,10,11,16
2.260443,3.129069,10,15,7,11,12,20
3.273566,3.111,10,15,7,12,13,24
6.013125,3.112716,10,15,7,13,14,28
4.949655,-0.043162,10,16,8,1,2,32
3.073449,-0.045762,10,16,8,2,3,36
2.410177,-0.040982,10,16,8,3,4,40
2.379619,-0.07283,10,16,8,4,5,44
2.669201,-0.048933,10,16,8,5,6,48
4.011743,-0.044209,10,16,8,6,7,52
3.935855,3.105616,10,16,8,9,10,56
2.168403,3.127602,10,16,8,10,11,60
1.893376,3.122675,10,16,8,11,12,64
2.372734,3.107337,10,16,8,12,13,68
3.494421,3.108964,10,16,8,13,14,72
6.842531,3.105124,10,16,8,14,15,76
4.378988,-0.03883,10,1,9,2,3,80
2.85244,-0.044504,10,1,9,3,4,84
2.394743,-0.056905,10,1,9,4,5,88
2.319085,-0.043509,10,1,9,5,6,92
2.578062,-0.051469,10,1,9,6,7,96
4.287192,-0.040147,10,1,9,7,8,100
3.548131,3.114858,10,1,9,10,11,104
2.151744,3.110222,10,1,9,11,12,108
2.097947,3.100164,10,1,9,12,13,112
2.556147,3.11123,10,1,9,13,14,116
4.487192,3.112291,10,1,9,14,15,120
5.166602,3.115229,10,1,9,15,16,124
4.36195,-0.047516,10,2,10,3,4,128
2.691689,-0.068855,10,2,10,4,5,132
2.318469,-0.043455,10,2,10,5,6,136
2.226843,-0.046068,10,2,10,6,7,140
2.669201,-0.048933,10,2,10,7,8,144
4.011618,-0.044121,10,2,10,8,9,148
3.639957,3.116093,10,2,10,11,12,152
2.372667,3.107277,10,2,10,12,13,156
2.243197,3.112375,10,2,10,13,14,160
3.623361,3.105824,10,2,10,14,15,164
3.602471,3.120722,10,2,10,15,16,168
3.677739,3.111529,10,3,11,1,2,172
4.125759,-0.055853,10,3,11,4,5,176
2.760892,-0.046586,10,3,11,5,6,180
2.318882,-0.04354,10,3,11,6,7,184
2.318679,-0.043571,10,3,11,7,8,188
2.57753,-0.051444,10,3,11,8,9,192
4.308912,-0.052627,10,3,11,9,10,196
3.623689,3.105708,10,3,11,12,13,200
2.46422,3.109325,10,3,11,13,14,204
3.402826,3.107458,10,3,11,14,15,208
3.236286,3.11598,10,3,11,15,16,212
2.189507,3.102469,10,4,12,1,2,216
3.716061,3.106708,10,4,12,2,3,220
4.546671,-0.045023,10,4,12,5,6,224
2.723083,-0.041047,10,4,12,6,7,228
2.319098,-0.043803,10,4,12,7,8,232
2.227511,-0.046356,10,4,12,8,9,236
2.670001,-0.049221,10,4,12,9,10,240
4.012946,-0.044497,10,4,12,10,11,244
3.807419,3.108282,10,4,12,13,14,248
3.715389,3.106939,10,4,12,14,15,252
3.36471,3.112169,10,4,12,15,16,0
1.947434,3.133222,10,5,13,1,2,4
2.297354,3.121478,10,5,13,2,3,8
4.1738,3.113008,10,5,13,3,4,12
4.103382,-0.042775,10,5,13,6,7,16
2.668967,-0.048964,10,5,13,7,8,20
2.22724,-0.046153,10,5,13,8,9,24
2.318744,-0.043512,10,5,13,9,10,28
2.631499,-0.042959,10,5,13,10,11,32
4.233348,-0.045258,10,5,13,11,12,36
5.133243,3.100659,10,5,13,14,15,40
4.228245,3.117949,10,5,13,15,16,44
2.206775,3.119854,10,6,14,1,2,48
2.023033,3.116042,10,6,14,2,3,52
2.427784,3.116014,10,6,14,3,4,56
3.678716,3.111476,10,6,14,4,5,60
4.142192,-0.046611,10,6,14,7,8,64
2.594117,-0.036779,10,6,14,8,9,68
2.319563,-0.043534,10,6,14,9,10,72
2.227832,-0.046206,10,6,14,10,11,76
2.815891,-0.038824,10,6,14,11,12,80
4.897472,-0.047696,10,6,14,12,13,84
6.660162,3.103573,10,6,14,15,16,88
3.27501,3.111009,10,7,15,1,2,92
2.390583,3.122938,10,7,15,2,3,96
2.244852,3.112243,10,7,15,3,4,100
2.579432,3.090017,10,7,15,4,5,104
3.993193,3.110736,10,7,15,5,6,108
3.884936,-0.041861,10,7,15,8,9,112
2.541811,-0.04545,10,7,15,9,10,116
2.061253,-0.033789,10,7,15,10,11,120
2.228549,-0.046141,10,7,15,11,12,124
3.258934,-0.042307,10,7,15,12,13,128
6.022225,-0.044282,10,7,15,13,14,132
4.892572,3.112513,10,8,16,1,2,136
3.03681,3.100815,10,8,16,2,3,140
2.427146,3.11592,10,8,16,3,4,144
2.395169,3.084603,10,8,16,4,5,148
2.648577,3.112774,10,8,16,5,6,152
3.953844,3.114897,10,8,16,6,7,156
3.882752,-0.041667,10,8,16,9,10,160
2.227504,-0.046209,10,8,16,10,11,164
1.876709,-0.03883,10,8,16,11,12,168
2.356966,-0.050299,10,8,16,12,13,172
3.516799,-0.048029,10,8,16,13,14,176
6.864978,-0.044241,10,8,16,14,15,180
4.339626,3.106306,10,9,1,2,3,184
2.813832,3.102607,10,9,1,3,4,188
2.393972,3.084622,10,9,1,4,5,192
2.334716,3.114129,10,9,1,5,6,196
2.572321,3.125667,10,9,1,6,7,200
4.302358,3.110129,10,9,1,7,8,204
3.606863,-0.046456,10,9,1,10,11,208
2.151495,-0.031461,10,9,1,11,12,212
2.119972,-0.066903,10,9,1,12,13,216
2.539865,-0.045377,10,9,1,13,14,220
4.453838,-0.046303,10,9,1,14,15,224
5.170916,-0.044252,10,9,1,15,16,228
4.339871,3.106425,10,10,2,3,4,232
2.684315,3.106799,10,10,2,4,5,236
2.334228,3.114301,10,10,2,5,6,240
2.167767,3.127597,10,10,2,6,7,244
2.685111,3.106658,10,10,2,7,8,248
3.989662,3.110865,10,10,2,8,9,252
3.698362,-0.044726,10,10,2,11,12,0
2.356068,-0.050336,10,10,2,12,13,4
2.318476,-0.043602,10,10,2,13,14,8
3.606109,-0.046284,10,10,2,14,15,12
3.606221,-0.046371,10,10,2,15,16,16
3.735911,-0.049173,10,11,3,1,2,20
4.086584,3.089387,10,11,3,4,5,24
2.739206,3.114305,10,11,3,5,6,28
2.151307,3.110101,10,11,3,6,7,32
2.334439,3.114185,10,11,3,7,8,36
2.572169,3.125695,10,11,3,8,9,40
4.248218,3.105089,10,11,3,9,10,44
3.660576,-0.040514,10,11,3,12,13,48
2.501473,-0.038895,10,11,3,13,14,52
3.385884,-0.045292,10,11,3,14,15,56
3.256632,-0.042262,10,11,3,15,16,60
2.172692,-0.056353,10,12,4,1,2,64
3.698049,-0.044904,10,12,4,2,3,68
4.522695,3.108567,10,12,4,5,6,72
2.646789,3.112731,10,12,4,6,7,76
2.334169,3.114095,10,12,4,7,8,80
2.205292,3.119664,10,12,4,8,9,84
2.646632,3.112759,10,12,4,9,10,88
3.989325,3.110687,10,12,4,10,11,92
3.806086,-0.033435,10,12,4,13,14,96
3.698268,-0.044932,10,12,4,14,15,100
3.439536,-0.039042,10,12,4,15,16,104
1.967533,-0.036245,10,13,5,1,2,108
2.31807,-0.043665,10,13,5,2,3,112
4.178389,-0.050507,10,13,5,3,4,116
4.064538,3.102667,10,13,5,6,7,120
2.68408,3.106767,10,13,5,7,8,124
2.204831,3.119836,10,13,5,8,9,128
2.296406,3.121528,10,13,5,9,10,132
2.608804,3.119307,10,13,5,10,11,136
4.226251,3.118028,10,13,5,11,12,140
5.131895,-0.041027,10,13,5,14,15,144
4.285049,-0.040127,10,13,5,15,16,148
2.227114,-0.046271,10,14,6,1,2,152
2.043771,-0.052171,10,14,6,2,3,156
2.448093,-0.04779,10,14,6,3,4,160
3.720745,-0.059269,10,14,6,4,5,164
4.11899,3.107846,10,14,6,7,8,168
2.555858,3.110993,10,14,6,8,9,172
2.297354,3.121478,10,14,6,9,10,176
2.243266,3.112288,10,14,6,10,11,180
2.793855,3.121947,10,14,6,11,12,184
4.874577,3.104885,10,14,6,12,13,188
6.697143,-0.04053,10,14,6,15,16,192
3.295426,-0.046982,10,15,7,1,2,196
2.410961,-0.041064,10,15,7,2,3,200
2.281578,-0.036403,10,15,7,3,4,204
2.56308,-0.06607,10,15,7,4,5,208
3.975225,-0.040124,10,15,7,5,6,212
3.899228,3.109738,10,15,7,8,9,216
2.518811,3.117811,10,15,7,9,10,220
2.060455,3.108061,10,15,7,10,11,224
2.20632,3.119879,10,15,7,11,12,228
3.274334,3.111034,10,15,7,12,13,232
5.998642,3.106366,10,15,7,13,14,236
4.912161,-0.03993,10,16,8,1,2,240
3.073631,-0.045791,10,16,8,2,3,244
2.448155,-0.047584,10,16,8,3,4,248
2.340832,-0.06636,10,16,8,4,5,252
2.669201,-0.048933,10,16,8,5,6,0
4.011505,-0.044181,10,16,8,6,7,4
3.86072,3.113961,10,16,8,9,10,8
2.205734,3.119933,10,16,8,10,11,12
1.855759,3.131794,10,16,8,11,12,16
2.318607,3.098109,10,16,8,12,13,20
3.494115,3.108933,10,16,8,13,14,24
6.841719,3.105181,10,16,8,14,15,28
4.379508,-0.038886,10,1,9,2,3,32
2.799227,-0.052404,10,1,9,3,4,36
2.341461,-0.06656,10,1,9,4,5,40
2.318947,-0.043481,10,1,9,5,6,44
2.578215,-0.051497,10,1,9,6,7,48
4.271603,-0.048958,10,1,9,7,8,52
3.532216,3.10423,10,1,9,10,11,56
2.114493,3.118012,10,1,9,11,12,60
2.060216,3.10797,10,1,9,12,13,64
2.519039,3.117695,10,1,9,13,14,68
4.396111,3.111267,10,1,9,14,15,72
5.128942,3.118416,10,1,9,15,16,76
4.378605,-0.038861,10,2,10,3,4,80
2.707153,-0.054767,10,2,10,4,5,84
2.318947,-0.043481,10,2,10,5,6,88
2.227108,-0.046125,10,2,10,6,7,92
2.723075,-0.0409,10,2,10,7,8,96
4.011981,-0.044237,10,2,10,8,9,100
3.677521,3.111558,10,2,10,11,12,104
2.35634,3.091347,10,2,10,12,13,108
2.280779,3.105065,10,2,10,13,14,112
3.570078,3.099742,10,2,10,14,15,116
3.565063,3.125449,10,2,10,15,16,120
3.678716,3.111476,10,3,11,1,2,124
4.050086,-0.04821,10,3,11,4,5,128
2.761306,-0.046729,10,3,11,5,6,132
2.227435,-0.046122,10,3,11,6,7,136
2.35662,-0.050302,10,3,11,7,8,140
2.59389,-0.03681,10,3,11,8,9,144
4.23324,-0.045465,10,3,11,9,10,148
3.661858,3.101203,10,3,11,12,13,152
2.464366,3.109296,10,3,11,13,14,156
3.365499,3.112203,10,3,11,14,15,160
3.236286,3.11598,10,3,11,15,16,164
2.205815,3.119551,10,4,12,1,2,168
3.715515,3.106705,10,4,12,2,3,172
4.546144,-0.045114,10,4,12,5,6,176
2.631983,-0.043338,10,4,12,6,7,180
2.394825,-0.057139,10,4,12,7,8,184
2.189569,-0.039064,10,4,12,8,9,188
2.669842,-0.049193,10,4,12,9,10,192
4.050098,-0.048356,10,4,12,10,11,196
3.807204,3.108163,10,4,12,13,14,200
3.661765,3.100996,10,4,12,14,15,204
3.381953,3.123287,10,4,12,15,16,208
1.947494,3.133134,10,5,13,1,2,212
2.335125,3.114191,10,5,13,2,3,216
4.1738,3.113008,10,5,13,3,4,220
4.066088,-0.038889,10,5,13,6,7,224
2.706916,-0.054799,10,5,13,7,8,228
2.188919,-0.038923,10,5,13,8,9,232
2.318469,-0.043455,10,5,13,9,10,236
2.631343,-0.042931,10,5,13,10,11,240
4.249706,-0.036379,10,5,13,11,12,244
5.133708,3.100544,10,5,13,14,15,248
4.265388,3.114138,10,5,13,15,16,252
2.206775,3.119854,10,6,14,1,2,0
2.02285,3.116158,10,6,14,2,3,4
2.427852,3.116073,10,6,14,3,4,8
3.754087,3.102678,10,6,14,4,5,12
4.105435,-0.042794,10,6,14,7,8,16
2.578973,-0.051491,10,6,14,8,9,20
2.319767,-0.043503,10,6,14,9,10,24
2.265692,-0.05314,10,6,14,10,11,28
2.853367,-0.044585,10,6,14,11,12,32
4.898483,-0.047722,10,6,14,12,13,36
6.678837,3.109203,10,6,14,15,16,40
3.238097,3.115932,10,7,15,1,2,44
2.390867,3.122882,10,7,15,2,3,48
2.245055,3.112127,10,7,15,3,4,52
2.504133,3.102484,10,7,15,4,5,56
3.939695,3.10537,10,7,15,5,6,60
3.885617,-0.041799,10,7,15,8,9,64
2.541509,-0.045394,10,7,15,9,10,68
2.098938,-0.041507,10,7,15,10,11,72
2.228682,-0.046169,10,7,15,11,12,76
3.335223,-0.051937,10,7,15,12,13,80
6.022225,-0.044282,10,7,15,13,14,84
4.967873,3.105848,10,8,16,1,2,88
3.03663,3.100843,10,8,16,2,3,92
2.427358,3.115952,10,8,16,3,4,96
2.319432,3.09794,10,8,16,4,5,100
2.648734,3.112746,10,8,16,5,6,104
3.991557,3.110639,10,8,16,6,7,108
3.921742,-0.045908,10,8,16,9,10,112
2.265564,-0.053258,10,8,16,10,11,116
1.876985,-0.038827,10,8,16,11,12,120
2.303665,-0.059988,10,8,16,12,13,124
3.533464,-0.037385,10,8,16,13,14,128
6.920874,-0.041221,10,8,16,14,15,132
4.340398,3.106221,10,9,1,2,3,136
2.776969,3.108292,10,9,1,3,4,140
2.318548,3.097903,10,9,1,4,5,144
2.334716,3.114129,10,9,1,5,6,148
2.572394,3.125726,10,9,1,6,7,152
4.265533,3.113903,10,9,1,7,8,156
3.568828,-0.041975,10,9,1,10,11,160
2.097521,-0.04155,10,9,1,11,12,164
2.043828,-0.052112,10,9,1,12,13,168
2.539865,-0.045377,10,9,1,13,14,172
4.36248,-0.047719,10,9,1,14,15,176
5.133852,-0.04099,10,9,1,15,16,180
4.339233,3.106422,10,10,2,3,4,184
2.668417,3.092654,10,10,2,4,5,188
2.334366,3.114273,10,10,2,5,6,192
2.113436,3.118031,10,10,2,6,7,196
2.684952,3.106686,10,10,2,7,8,200
3.98955,3.110806,10,10,2,8,9,204
3.714182,-0.034572,10,10,2,11,12,208
2.356274,-0.050305,10,10,2,12,13,212
2.280644,-0.0365,10,10,2,13,14,216
3.531598,-0.037424,10,10,2,14,15,220
3.607709,-0.046422,10,10,2,15,16,224
3.698592,-0.044901,10,11,3,1,2,228
4.027439,3.106539,10,11,3,4,5,232
2.722845,3.100514,10,11,3,5,6,236
2.188857,3.10261,10,11,3,6,7,240
2.334096,3.114182,10,11,3,7,8,244
2.571791,3.125692,10,11,3,8,9,248
4.209554,3.109066,10,11,3,9,10,252
3.698038,-0.044757,10,11,3,12,13,0
2.463427,-0.032333,10,11,3,13,14,4
3.347484,-0.040449,10,11,3,14,15,8
3.255869,-0.042296,10,11,3,15,16,12
2.264099,-0.053242,10,12,4,1,2,16
3.697714,-0.044788,10,12,4,2,3,20
4.522158,3.108623,10,12,4,5,6,24
2.646393,3.112875,10,12,4,6,7,28
2.37177,3.107094,10,12,4,7,8,32
2.204706,3.119718,10,12,4,8,9,36
2.663376,3.126804,10,12,4,9,10,40
3.988626,3.110625,10,12,4,10,11,44
3.789319,-0.043224,10,12,4,13,14,48
3.659821,-0.040489,10,12,4,14,15,52
3.401135,-0.034262,10,12,4,15,16,56
2.004932,-0.044277,10,13,5,1,2,60
2.355442,-0.050282,10,13,5,2,3,64
4.177775,-0.05051,10,13,5,3,4,68
4.026836,3.106683,10,13,5,6,7,72
2.68408,3.106767,10,13,5,7,8,76
2.167387,3.127534,10,13,5,8,9,80
2.259186,3.12897,10,13,5,9,10,84
2.609114,3.119251,10,13,5,10,11,88
4.263136,3.114098,10,13,5,11,12,92
5.093548,-0.037811,10,13,5,14,15,96
4.284928,-0.040187,10,13,5,15,16,100
2.280586,-0.036706,10,14,6,1,2,104
2.043713,-0.052231,10,14,6,2,3,108
2.448024,-0.047849,10,14,6,3,4,112
3.812501,-0.057396,10,14,6,4,5,116
4.119234,3.107818,10,14,6,7,8,120
2.556082,3.111024,10,14,6,8,9,124
2.243469,3.112172,10,14,6,9,10,128
2.281185,3.10498,10,14,6,10,11,132
2.831334,3.115977,10,14,6,11,12,136
4.835747,3.108359,10,14,6,12,13,140
6.712778,-0.034935,10,14,6,15,16,144
3.219904,-0.037064,10,15,7,1,2,148
2.394878,-0.056786,10,15,7,2,3,152
2.265756,-0.05308,10,15,7,3,4,156
2.48697,-0.053979,10,15,7,4,5,160
3.975337,-0.040065,10,15,7,5,6,164
3.899691,3.109682,10,15,7,8,9,168
2.502569,3.102854,10,15,7,9,10,172
2.098249,3.100314,10,15,7,10,11,176
2.206513,3.11991,10,15,7,11,12,180
3.311999,3.106054,10,15,7,12,13,184
5.960962,3.109104,10,15,7,13,14,188
5.02612,-0.049531,10,16,8,1,2,192
3.074447,-0.045844,10,16,8,2,3,196
2.448805,-0.047637,10,16,8,3,4,200
2.211854,-0.063243,10,16,8,4,5,204
2.685657,-0.034814,10,16,8,5,6,208
4.012809,-0.044262,10,16,8,6,7,212
3.898887,3.109707,10,16,8,9,10,216
2.243393,3.112406,10,16,8,10,11,220
1.893152,3.122732,10,16,8,11,12,224
2.281314,3.105099,10,16,8,12,13,228
3.494322,3.108905,10,16,8,13,14,232
6.844542,3.10513,10,16,8,14,15,236
4.379904,-0.039002,10,1,9,2,3,240
2.815398,-0.038886,10,1,9,3,4,244
2.212117,-0.0633,10,1,9,4,5,248
2.357033,-0.05024,10,1,9,5,6,252
2.66991,-0.048987,10,1,9,6,7,0
4.271349,-0.04893,10,1,9,7,8,4
3.532426,3.104202,10,1,9,10,11,8
2.077181,3.126051,10,1,9,11,12,12
1.985506,3.124386,10,1,9,12,13,16
2.519338,3.117638,10,1,9,13,14,20
4.342557,3.106349,10,1,9,14,15,24
5.167975,3.115176,10,1,9,15,16,28
4.363232,-0.04751,10,2,10,3,4,32
2.654698,-0.063328,10,2,10,4,5,36
2.35718,-0.050415,10,2,10,5,6,40
2.281385,-0.036581,10,2,10,6,7,44
2.670069,-0.049015,10,2,10,7,8,48
4.01316,-0.044231,10,2,10,8,9,52
3.678612,3.111416,10,2,10,11,12,56
2.281521,3.104983,10,2,10,12,13,60
2.281521,3.104983,10,2,10,13,14,64
3.495152,3.108792,10,2,10,14,15,68
3.58698,3.110197,10,2,10,15,16,72
3.603855,3.120612,10,3,11,1,2,76
4.035511,-0.057657,10,3,11,4,5,80
2.761711,-0.046727,10,3,11,5,6,84
2.265295,-0.053202,10,3,11,6,7,88
2.31936,-0.043565,10,3,11,7,8,92
2.594425,-0.036835,10,3,11,8,9,96
4.234353,-0.045371,10,3,11,9,10,100
3.700327,3.09676,10,3,11,12,13,104
2.465244,3.109127,10,3,11,13,14,108
3.274149,3.110915,10,3,11,14,15,112
3.236761,3.115983,10,3,11,15,16,116
2.206339,3.119438,10,4,12,1,2,120
3.716282,3.106679,10,4,12,2,3,124
4.547493,-0.045255,10,4,12,5,6,128
2.670001,-0.049221,10,4,12,6,7,132
2.3574,-0.050678,10,4,12,7,8,136
2.227907,-0.046441,10,4,12,8,9,140
2.670159,-0.049249,10,4,12,9,10,144
4.012946,-0.044497,10,4,12,10,11,148
3.808441,3.108081,10,4,12,13,14,152
3.586889,3.109991,10,4,12,14,15,156
3.365708,3.112028,10,4,12,15,16,160
2.023039,3.115895,10,5,13,1,2,164
2.297827,3.121453,10,5,13,2,3,168
4.174661,3.112983,10,5,13,3,4,172
4.066203,-0.03883,10,5,13,6,7,176
2.707635,-0.054852,10,5,13,7,8,180
2.1895,-0.038977,10,5,13,8,9,184
2.28105,-0.036584,10,5,13,9,10,188
2.631737,-0.043075,10,5,13,10,11,192
4.271361,-0.049077,10,5,13,11,12,196
5.05869,3.10694,10,5,13,14,15,200
4.265894,3.114081,10,5,13,15,16,204
2.244319,3.112356,10,6,14,1,2,208
2.023033,3.116042,10,6,14,2,3,212
2.427784,3.116014,10,6,14,3,4,216
3.793218,3.098389,10,6,14,4,5,220
4.106166,-0.042879,10,6,14,7,8,224
2.595187,-0.036829,10,6,14,8,9,228
2.228222,-0.046144,10,6,14,9,10,232
2.319839,-0.043591,10,6,14,10,11,236
2.891774,-0.050192,10,6,14,11,12,240
4.845081,-0.052449,10,6,14,12,13,244
6.679045,3.109115,10,6,14,15,16,248
3.184009,3.109438,10,7,15,1,2,252
2.391218,3.122885,10,7,15,2,3,0
2.282662,3.104964,10,7,15,3,4,4
2.374633,3.107029,10,7,15,4,5,8
3.956874,3.114824,10,7,15,5,6,12
3.94052,-0.036395,10,7,15,8,9,16
2.542336,-0.045475,10,7,15,9,10,20
2.175635,-0.056415,10,7,15,10,11,24
2.305027,-0.060124,10,7,15,11,12,28
3.335214,-0.05179,10,7,15,12,13,32
6.022941,-0.044338,10,7,15,13,14,36
5.060034,3.106886,10,8,16,1,2,40
3.03663,3.100843,10,8,16,2,3,44
2.465244,3.109127,10,8,16,3,4,48
2.11512,3.11787,10,8,16,4,5,52
2.648891,3.112717,10,8,16,5,6,56
4.045723,3.115864,10,8,16,6,7,60
3.921742,-0.045908,10,8,16,9,10,64
2.26543,-0.05323,10,8,16,10,11,68
1.914922,-0.047305,10,8,16,11,12,72
2.265961,-0.053196,10,8,16,12,13,76
3.533674,-0.037413,10,8,16,13,14,80
6.828974,-0.041955,10,8,16,14,15,84
4.340141,3.106249,10,9,1,2,3,88
2.777463,3.108207,10,9,1,3,4,92
2.151434,3.110073,10,9,1,4,5,96
2.318548,3.097903,10,9,1,5,6,100
2.647799,3.112768,10,9,1,6,7,104
4.249214,3.105123,10,9,1,7,8,108
3.569675,-0.042088,10,9,1,10,11,112
2.13524,-0.049052,10,9,1,11,12,116
1.990146,-0.063337,10,9,1,12,13,120
2.57753,-0.051444,10,9,1,13,14,124
4.362985,-0.047629,10,9,1,14,15,128
5.171821,-0.04419,10,9,1,15,16,132
4.340006,3.106337,10,10,2,3,4,136
2.631663,3.098458,10,10,2,4,5,140
2.318751,3.097934,10,10,2,5,6,144
2.243203,3.112228,10,10,2,6,7,148
2.647642,3.112796,10,10,2,7,8,152
3.990609,3.110752,10,10,2,8,9,156
3.736998,-0.049021,10,10,2,11,12,160
2.265238,-0.053408,10,10,2,12,13,164
2.319164,-0.043743,10,10,2,13,14,168
3.532326,-0.03745,10,10,2,14,15,172
3.608351,-0.046507,10,10,2,15,16,176
3.624355,-0.036263,10,11,3,1,2,180
4.065629,3.102466,10,11,3,4,5,184
2.723168,3.100458,10,11,3,5,6,188
2.298107,3.121249,10,11,3,6,7,192
2.243799,3.112175,10,11,3,7,8,196
2.57323,3.125645,10,11,3,8,9,200
4.21229,3.108902,10,11,3,9,10,204
3.737663,-0.049105,10,11,3,12,13,208
2.486394,-0.05416,10,11,3,13,14,212
3.295054,-0.047219,10,11,3,14,15,216
3.25712,-0.042406,10,11,3,15,16,220
2.227183,-0.046359,10,12,4,1,2,224
3.736681,-0.049199,10,12,4,2,3,228
4.524037,3.108426,10,12,4,5,6,232
2.685513,3.106514,10,12,4,6,7,236
2.280586,3.104887,10,12,4,7,8,240
2.205423,3.119636,10,12,4,8,9,244
2.647492,3.112678,10,12,4,9,10,248
3.990508,3.110546,10,12,4,10,11,252
3.828742,-0.047605,10,12,4,13,14,0
3.569786,-0.042176,10,12,4,14,15,4
3.402346,-0.034431,10,12,4,15,16,8
2.043834,-0.052259,10,13,5,1,2,12
2.356627,-0.050449,10,13,5,2,3,16
4.19529,-0.041578,10,13,5,3,4,20
4.082568,3.111863,10,13,5,6,7,24
2.648031,3.112799,10,13,5,7,8,28
2.205809,3.119698,10,13,5,8,9,32
2.260322,3.128804,10,13,5,9,10,36
2.647799,3.112768,10,13,5,10,11,40
4.265653,3.113963,10,13,5,11,12,44
5.079128,-0.045321,10,13,5,14,15,48
4.286575,-0.040297,10,13,5,15,16,52
2.281327,-0.036788,10,14,6,1,2,56
2.082155,-0.059786,10,14,6,2,3,60
2.486401,-0.054307,10,14,6,3,4,64
3.813632,-0.057537,10,14,6,4,5,68
4.120573,3.107736,10,14,6,7,8,72
2.556457,3.111027,10,14,6,8,9,76
2.260456,3.128776,10,14,6,9,10,80
2.33554,3.114107,10,14,6,10,11,84
2.869082,3.110135,10,14,6,11,12,88
4.874866,3.104857,10,14,6,12,13,92
6.697541,-0.040559,10,14,6,15,16,96
3.219622,-0.037095,10,15,7,1,2,100
2.411247,-0.04112,10,15,7,2,3,104
2.304271,-0.059895,10,15,7,3,4,108
2.357659,-0.050293,10,15,7,4,5,112
4.014102,-0.044197,10,15,7,5,6,116
3.901069,3.109659,10,15,7,8,9,120
2.519851,3.11776,10,15,7,9,10,124
2.153009,3.110234,10,15,7,10,11,128
2.336286,3.114319,10,15,7,11,12,132
3.313273,3.105944,10,15,7,12,13,136
6.000592,3.106284,10,15,7,13,14,140
5.081223,-0.045371,10,16,8,1,2,144
3.074813,-0.045901,10,16,8,2,3,148
2.503092,-0.038911,10,16,8,3,4,152
2.136369,-0.049012,10,16,8,4,5,156
2.708109,-0.05479,10,16,8,5,6,160
4.104832,-0.042797,10,16,8,6,7,164
3.937257,3.105446,10,16,8,9,10,168
2.281314,3.105099,10,16,8,10,11,172
1.930927,3.113967,10,16,8,11,12,176
2.281649,3.105102,10,16,8,12,13,180
3.495251,3.108851,10,16,8,13,14,184
6.768804,3.109818,10,16,8,14,15,188
4.364268,-0.047623,10,1,9,2,3,192
2.815979,-0.038911,10,1,9,3,4,196
2.136496,-0.04904,10,1,9,4,5,200
2.357666,-0.05044,10,1,9,5,6,204
2.670619,-0.04904,10,1,9,6,7,208
4.27211,-0.049015,10,1,9,7,8,212
3.533364,3.104149,10,1,9,10,11,216
2.168979,3.127549,10,1,9,11,12,220
1.968456,3.105415,10,1,9,12,13,224
2.519267,3.117579,10,1,9,13,14,228
4.396633,3.111211,10,1,9,14,15,232
5.151618,3.107798,10,1,9,15,16,236
4.363491,-0.047538,10,2,10,3,4,240
2.524876,-0.060279,10,2,10,4,5,244
2.319085,-0.043509,10,2,10,5,6,248
2.265295,-0.053202,10,2,10,6,7,252
2.669676,-0.049018,10,2,10,7,8,0
4.012333,-0.044206,10,2,10,8,9,4
3.715924,3.107089,10,2,10,11,12,8
2.281378,3.105158,10,2,10,12,13,12
2.28105,3.105008,10,2,10,13,14,16
3.532216,3.10423,10,2,10,14,15,20
3.585815,3.110279,10,2,10,15,16,24
3.716365,3.107033,10,3,11,1,2,28
4.088616,-0.052078,10,3,11,4,5,32
2.761306,-0.046729,10,3,11,5,6,36
2.265027,-0.053145,10,3,11,6,7,40
2.265295,-0.053202,10,3,11,7,8,44
2.594044,-0.036838,10,3,11,8,9,48
4.233599,-0.045286,10,3,11,9,10,52
3.661744,3.10129,10,3,11,12,13,56
2.464659,3.10924,10,3,11,13,14,60
3.311129,3.105961,10,3,11,14,15,64
3.235902,3.116036,10,3,11,15,16,68
2.206077,3.119495,10,4,12,1,2,72
3.731931,3.116888,10,4,12,2,3,76
4.545605,-0.045057,10,4,12,5,6,80
2.723083,-0.041047,10,4,12,6,7,84
2.264771,-0.053383,10,4,12,7,8,88
2.226919,-0.046303,10,4,12,8,9,92
2.722922,-0.041019,10,4,12,9,10,96
4.011529,-0.044474,10,4,12,10,11,100
3.80686,3.108279,10,4,12,13,14,104
3.585825,3.110132,10,4,12,14,15,108
3.364615,3.11211,10,4,12,15,16,112
1.984805,3.124408,10,5,13,1,2,116
2.297899,3.121365,10,5,13,2,3,120
4.157521,3.104029,10,5,13,3,4,124
4.103753,-0.04289,10,5,13,6,7,128
2.669518,-0.04899,10,5,13,7,8,132
2.227372,-0.046181,10,5,13,8,9,136
2.319019,-0.043568,10,5,13,9,10,140
2.669676,-0.049018,10,5,13,10,11,144
4.325113,-0.043817,10,5,13,11,12,148
5.004275,3.102644,10,5,13,14,15,152
4.266147,3.114053,10,5,13,15,16,156
2.206644,3.119882,10,6,14,1,2,160
2.02321,3.116073,10,6,14,2,3,164
2.465237,3.109274,10,6,14,3,4,168
3.754193,3.102738,10,6,14,4,5,172
4.104832,-0.042797,10,6,14,7,8,176
2.578667,-0.051435,10,6,14,8,9,180
2.357173,-0.050268,10,6,14,9,10,184
2.357732,-0.050381,10,6,14,10,11,188
2.891684,-0.050105,10,6,14,11,12,192
4.897763,-0.047725,10,6,14,12,13,196
6.678064,3.109112,10,6,14,15,16,200
3.183451,3.109376,10,7,15,1,2,204
2.37421,3.107114,10,7,15,2,3,208
2.298912,3.121374,10,7,15,3,4,212
2.298912,3.121374,10,7,15,4,5,216
3.955241,3.114874,10,7,15,5,6,220
3.922784,-0.045961,10,7,15,8,9,224
2.59565,-0.036914,10,7,15,9,10,228
2.174737,-0.056364,10,7,15,10,11,232
2.358219,-0.050406,10,7,15,11,12,236
3.297569,-0.047145,10,7,15,12,13,240
5.984387,-0.041611,10,7,15,13,14,244
5.05959,3.106855,10,8,16,1,2,248
3.053608,3.113194,10,8,16,2,3,252
2.48196,3.124298,10,8,16,3,4,0
2.098445,3.100051,10,8,16,4,5,4
2.648577,3.112774,10,8,16,5,6,8
4.083768,3.111869,10,8,16,6,7,12
3.921853,-0.045848,10,8,16,9,10,16
2.319708,-0.043709,10,8,16,10,11,20
2.044793,-0.052191,10,8,16,11,12,24
2.304206,-0.059954,10,8,16,12,13,28
3.57145,-0.041961,10,8,16,13,14,32
6.829186,-0.042043,10,8,16,14,15,36
4.340656,3.106193,10,9,1,2,3,40
2.777047,3.108351,10,9,1,3,4,44
2.151501,3.109985,10,9,1,4,5,48
2.281256,3.104893,10,9,1,5,6,52
2.647724,3.112709,10,9,1,6,7,56
4.265786,3.113875,10,9,1,7,8,60
3.532127,-0.037568,10,9,1,10,11,64
2.227246,-0.0463,10,9,1,11,12,68
1.968401,-0.036237,10,9,1,12,13,72
2.577916,-0.051587,10,9,1,13,14,76
4.454744,-0.046181,10,9,1,14,15,80
5.172128,-0.044218,10,9,1,15,16,84
4.340778,3.106252,10,10,2,3,4,88
2.518449,3.117661,10,10,2,4,5,92
2.280779,3.105065,10,10,2,5,6,96
2.280651,3.104946,10,10,2,6,7,100
2.647559,3.112884,10,10,2,7,8,104
3.988964,3.110803,10,10,2,8,9,108
3.736333,-0.048936,10,10,2,11,12,112
2.302039,-0.059944,10,10,2,12,13,116
2.318063,-0.043518,10,10,2,13,14,120
3.568929,-0.041916,10,10,2,14,15,124
3.622635,-0.036037,10,10,2,15,16,128
3.774288,-0.053414,10,11,3,1,2,132
4.065147,3.102523,10,11,3,4,5,136
2.739121,3.114393,10,11,3,5,6,140
2.318338,3.098019,10,11,3,6,7,144
2.242741,3.112254,10,11,3,7,8,148
2.609962,3.119169,10,11,3,8,9,152
4.227624,3.117946,10,11,3,9,10,156
3.698362,-0.044726,10,11,3,12,13,160
2.501919,-0.038979,10,11,3,13,14,164
3.332576,-0.051924,10,11,3,14,15,168
3.256347,-0.042294,10,11,3,15,16,172
2.188795,-0.039042,10,12,4,1,2,176
3.735795,-0.049086,10,12,4,2,3,180
4.485621,3.112166,10,12,4,5,6,184
2.738881,3.114361,10,12,4,6,7,188
2.280921,3.10489,10,12,4,7,8,192
2.243343,3.112053,10,12,4,8,9,196
2.685278,3.106482,10,12,4,9,10,200
3.990497,3.110693,10,12,4,10,11,204
3.790668,-0.043394,10,12,4,13,14,208
3.660896,-0.040483,10,12,4,14,15,212
3.402644,-0.0344,10,12,4,15,16,216
1.951793,-0.055527,10,13,5,1,2,220
2.356001,-0.050395,10,13,5,2,3,224
4.178637,-0.050535,10,13,5,3,4,228
4.11899,3.107846,10,13,5,6,7,232
2.647559,3.112884,10,13,5,7,8,236
2.205416,3.119783,10,13,5,8,9,240
2.334505,3.114245,10,13,5,9,10,244
2.647327,3.112853,10,13,5,10,11,248
4.302614,3.110101,10,13,5,11,12,252
5.041009,-0.042132,10,13,5,14,15,0
4.286187,-0.040181,10,13,5,15,16,4
2.227511,-0.046356,10,14,6,1,2,8
2.044256,-0.052284,10,14,6,2,3,12
2.486472,-0.054247,10,14,6,3,4,16
3.72207,-0.059439,10,14,6,4,5,20
4.120328,3.107764,10,14,6,7,8,24
2.57339,3.125469,10,14,6,8,9,28
2.335679,3.114078,10,14,6,9,10,32
2.335474,3.114047,10,14,6,10,11,36
2.92333,3.117435,10,14,6,11,12,40
4.875445,3.1048,10,14,6,12,13,44
6.714959,-0.035017,10,14,6,15,16,48
3.258731,-0.042132,10,15,7,1,2,52
2.411601,-0.041117,10,15,7,2,3,56
2.304407,-0.059923,10,15,7,3,4,60
2.357866,-0.050262,10,15,7,4,5,64
3.975809,-0.040121,10,15,7,5,6,68
3.901069,3.109659,10,15,7,8,9,72
