BIOZ1_MAG,BIOZ1_PHASE,EXC_FREQ_KHZ,EXC_PIN,GND_PIN,SNS_AP_PIN,SNS_AN_PIN,PACKET_NUMBER,FREQUENCY KHZ
1.830416,0.008701,1,1,9,2,3,41,1
2.192763,0.025342,1,1,9,3,4,51,1
1.134112,-0.000692,1,1,9,4,5,61,1
1.181715,-0.008762,1,1,9,5,6,71,1
1.328097,0.018932,1,1,9,6,7,81,1
2.009899,-0.017605,1,1,9,7,8,91,1
1.743087,3.131929,1,1,9,10,11,101,1
1.240692,3.135123,1,1,9,11,12,111,1
0.946072,3.120278,1,1,9,12,13,121,1
1.122771,3.13016,1,1,9,13,14,131,1
1.181692,3.132737,1,1,9,14,15,141,1
1.743085,3.131902,1,1,9,15,16,151,1
3.223118,-0.021104,1,2,10,3,4,161,1
1.299652,-0.004289,1,2,10,4,5,171,1
1.122842,-0.011404,1,2,10,5,6,181,1
1.240739,-0.00644,1,2,10,6,7,191,1
1.352531,0.001977,1,2,10,7,8,201,1
1.830502,0.002725,1,2,10,8,9,211,1
1.951136,3.122177,1,2,10,11,12,221,1
1.122911,3.130089,1,2,10,12,13,231,1
1.122886,3.130164,1,2,10,13,14,241,1
0.97422,-3.130715,1,2,10,14,15,251,1
1.181827,3.132769,1,2,10,15,16,5,1
1.861046,3.135108,1,2,10,16,1,15,1
1.92639,3.136647,1,3,11,1,2,25,1
1.861197,-0.006447,1,3,11,4,5,35,1
1.329074,-0.003084,1,3,11,5,6,45,1
1.299734,-0.004165,1,3,11,6,7,55,1
1.181826,-0.008804,1,3,11,7,8,65,1
1.139888,0.004703,1,3,11,8,9,75,1
2.121747,-0.01167,1,3,11,9,10,85,1
1.813613,0.627063,1,3,11,12,13,95,1
1.240797,3.135145,1,3,11,13,14,105,1
0.974258,-3.130695,1,3,11,14,15,115,1
1.039432,-1.877704,1,3,11,15,16,125,1
1.240807,3.126307,1,3,11,16,1,135,1
1.299454,3.137353,1,4,12,1,2,145,1
1.801746,3.13368,1,4,12,2,3,155,1
2.273356,0.002259,1,4,12,5,6,165,1
1.327927,0.018947,1,4,12,6,7,175,1
1.181545,-0.008719,1,4,12,7,8,185,1
1.004794,-0.017517,1,4,12,8,9,195,1
1.358414,-0.002259,1,4,12,9,10,205,1
1.807488,-0.004551,1,4,12,10,11,215,1
1.860698,3.135211,1,4,12,13,14,225,1
1.181553,3.132789,1,4,12,14,15,235,1
1.00485,3.123992,1,4,12,15,16,245,1
1.033033,-3.128916,1,4,12,16,1,255,1
1.181419,3.132887,1,5,13,1,2,9,1
1.299351,3.137407,1,5,13,2,3,19,1
3.339858,3.121026,1,5,13,3,4,29,1
1.919524,-0.004895,1,5,13,6,7,39,1
1.299314,-0.004122,1,5,13,7,8,49,1
0.986262,-0.000452,1,5,13,8,9,59,1
1.181505,-0.008665,1,5,13,9,10,69,1
1.299343,-0.004196,1,5,13,10,11,79,1
1.919416,-0.004867,1,5,13,11,12,89,1
1.801655,3.133698,1,5,13,14,15,99,1
1.150873,-3.125936,1,5,13,15,16,109,1
1.039004,-1.877644,1,5,13,16,1,119,1
1.181963,3.13247,1,6,14,1,2,129,1
1.092091,-3.127474,1,6,14,2,3,139,1
2.456502,3.110263,1,6,14,3,4,149,1
1.801927,3.133769,1,6,14,4,5,159,1
1.919753,-0.004804,1,6,14,7,8,169,1
1.122678,-0.01122,1,6,14,8,9,179,1
1.18155,-0.008588,1,6,14,9,10,189,1
1.15717,0.010808,1,6,14,10,11,199,1
1.299434,-0.004061,1,6,14,11,12,209,1
1.94811,0.010959,1,6,14,12,13,219,1
1.860808,3.135319,1,6,14,15,16,229,1
1.240537,3.135372,1,6,14,16,1,239,1
1.299298,3.137773,1,7,15,1,2,249,1
1.080661,-0.62534,1,7,15,2,3,3,1
1.924328,-0.530068,1,7,15,3,4,13,1
1.224,3.119977,1,7,15,4,5,23,1
1.801032,-3.123376,1,7,15,5,6,33,1
1.907531,0.001036,1,7,15,8,9,43,1
1.358439,-0.002221,1,7,15,9,10,53,1
1.18168,-0.008781,1,7,15,10,11,63,1
1.151011,0.015587,1,7,15,11,12,73,1
1.150999,0.015531,1,7,15,12,13,83,1
1.860791,-0.006418,1,7,15,13,14,93,1
1.830858,3.118388,1,7,15,16,1,103,1
1.919653,3.136701,1,8,16,1,2,113,1
1.240498,3.135192,1,8,16,2,3,123,1
1.835585,3.071354,1,8,16,3,4,133,1
1.06376,3.12724,1,8,16,4,5,143,1
1.389337,3.119086,1,8,16,5,6,153,1
1.919606,3.136624,1,8,16,6,7,163,1
2.180055,-0.010169,1,8,16,9,10,173,1
1.299295,-0.004217,1,8,16,10,11,183,1
1.181474,-0.008683,1,8,16,11,12,193,1
1.004774,-0.017508,1,8,16,12,13,203,1
1.240442,-0.006355,1,8,16,13,14,213,1
1.919708,-0.00489,1,8,16,14,15,223,1
1.801398,3.133655,1,9,1,2,3,233,1
2.278561,-3.092666,1,9,1,3,4,243,1
1.063563,3.127224,1,9,1,4,5,253,1
1.021584,-1.872686,1,9,1,5,6,7,1
1.29931,3.137291,1,9,1,6,7,17,1
2.009326,3.123985,1,9,1,7,8,27,1
1.86053,-0.006452,1,9,1,10,11,37,1
1.299291,-0.004293,1,9,1,11,12,47,1
0.973888,0.010845,1,9,1,12,13,57,1
1.181426,-0.008837,1,9,1,13,14,67,1
1.299249,-0.004275,1,9,1,14,15,77,1
1.860517,-0.006379,1,9,1,15,16,87,1
3.190938,3.127142,1,10,2,3,4,97,1
1.22376,3.129072,1,10,2,4,5,107,1
1.122614,3.130078,1,10,2,5,6,117,1
1.181504,3.132749,1,10,2,6,7,127,1
1.358264,3.139273,1,10,2,7,8,137,1
1.724254,-0.62817,1,10,2,8,9,147,1
1.978493,-0.003604,1,10,2,11,12,157,1
1.150916,0.015517,1,10,2,12,13,167,1
1.181459,-0.008818,1,10,2,13,14,177,1
1.150908,0.015459,1,10,2,14,15,187,1
1.181367,-0.008791,1,10,2,15,16,197,1
1.978438,-0.003596,1,10,2,16,1,207,1
1.913551,-0.001991,1,11,3,1,2,217,1
1.801767,3.133578,1,11,3,4,5,227,1
1.29932,3.137246,1,11,3,5,6,237,1
1.181502,3.132786,1,11,3,6,7,247,1
1.240515,3.135145,1,11,3,7,8,1,1
1.181558,3.132742,1,11,3,8,9,11,1
2.003354,3.126782,1,11,3,9,10,21,1
1.95413,0.005068,1,11,3,12,13,31,1
1.310846,-0.004307,1,11,3,13,14,41,1
1.181512,-0.008778,1,11,3,14,15,51,1
1.032958,0.01257,1,11,3,15,16,61,1
1.15104,0.015436,1,11,3,16,1,71,1
1.299009,-0.00416,1,12,4,1,2,81,1
1.86024,-0.006355,1,12,4,2,3,91,1
2.037006,3.139331,1,12,4,5,6,101,1
1.240087,3.135207,1,12,4,6,7,111,1
1.24008,3.135207,1,12,4,7,8,121,1
1.032662,-0.638396,1,12,4,8,9,131,1
1.299063,3.13736,1,12,4,9,10,141,1
1.74239,3.131998,1,12,4,10,11,151,1
1.801287,-0.007932,1,12,4,13,14,161,1
1.299087,-0.004232,1,12,4,14,15,171,1
1.091683,0.014217,1,12,4,15,16,181,1
1.004518,0.006682,1,12,4,16,1,191,1
1.116051,-0.006191,1,13,5,1,2,201,1
1.298961,-0.004161,1,13,5,2,3,211,1
3.349156,-0.01833,1,13,5,3,4,221,1
1.891059,3.120406,1,13,5,6,7,231,1
1.357874,3.139318,1,13,5,7,8,241,1
1.00451,-0.61052,1,13,5,8,9,251,1
1.122223,3.130281,1,13,5,9,10,5,1
1.240021,3.135224,1,13,5,10,11,15,1
1.918978,3.136724,1,13,5,11,12,25,1
1.918902,-0.004785,1,13,5,14,15,35,1
1.240031,-0.00635,1,13,5,15,16,45,1
1.032638,0.012662,1,13,5,16,1,55,1
1.109812,-0.000535,1,14,6,1,2,65,1
1.181194,-0.008438,1,14,6,2,3,75,1
1.585556,0.102113,1,14,6,3,4,85,1
1.832488,-0.016914,1,14,6,4,5,95,1
1.860253,3.135314,1,14,6,7,8,105,1
1.162892,0.628925,1,14,6,8,9,115,1
1.15067,-3.12582,1,14,6,9,10,125,1
1.098409,3.12802,1,14,6,10,11,135,1
1.175071,1.881165,1,14,6,11,12,145,1
1.832488,3.127658,1,14,6,12,13,155,1
1.801311,-0.0078,1,14,6,15,16,165,1
1.156799,0.010795,1,14,6,16,1,175,1
1.240573,-0.00688,1,15,7,1,2,185,1
1.18134,-0.008916,1,15,7,2,3,195,1
1.295913,0.032216,1,15,7,3,4,205,1
1.240221,-0.006429,1,15,7,4,5,215,1
1.884085,-0.009367,1,15,7,5,6,225,1
1.742491,3.131964,1,15,7,8,9,235,1
1.358093,3.139287,1,15,7,9,10,245,1
1.122322,3.130155,1,15,7,10,11,255,1
1.03282,-0.627719,1,15,7,11,12,9,1
1.091756,-3.127383,1,15,7,12,13,19,1
1.801393,3.133625,1,15,7,13,14,29,1
2.007068,3.2e-05,1,15,7,16,1,39,1
1.860211,-0.00643,1,16,8,1,2,49,1
1.299058,-0.004317,1,16,8,2,3,59,1
1.204243,0.166765,1,16,8,3,4,69,1
1.063371,-0.014265,1,16,8,4,5,79,1
1.23397,-0.001708,1,16,8,5,6,89,1
1.882741,0.006681,1,16,8,6,7,99,1
2.126819,3.127303,1,16,8,9,10,109,1
1.24015,3.135218,1,16,8,10,11,119,1
1.057275,1.876081,1,16,8,11,12,129,1
0.945611,3.120391,1,16,8,12,13,139,1
1.212437,3.114441,1,16,8,13,14,149,1
1.801338,3.133671,1,16,8,14,15,159,1
1.806254,-0.000406,2,1,9,2,3,74,2
1.25801,0.009905,2,1,9,3,4,84,2
1.004886,0.026397,2,1,9,4,5,94,2
1.133525,-0.001099,2,1,9,5,6,104,2
1.216498,0.006492,2,1,9,6,7,114,2
2.056309,0.00283,2,1,9,7,8,124,2
1.807611,3.112523,2,1,9,10,11,134,2
1.262851,3.118585,2,1,9,11,12,144,2
1.05063,3.131673,2,1,9,12,13,154,2
1.138926,3.104088,2,1,9,13,14,164,2
1.159578,3.106599,2,1,9,14,15,174,2
1.956397,3.122832,2,1,9,15,16,184,2
2.245699,0.104869,2,2,10,3,4,194,2
1.133615,-0.001143,2,2,10,4,5,204,2
1.090144,0.013707,2,2,10,5,6,214,2
1.133598,-0.001076,2,2,10,6,7,224,2
1.3827,0.018853,2,2,10,7,8,234,2
1.71899,0.012258,2,2,10,8,9,244,2
2.018696,3.126758,2,2,10,11,12,254,2
1.221587,3.114056,2,2,10,12,13,8,2
1.169938,3.107929,2,2,10,13,14,18,2
1.0507,3.131676,2,2,10,14,15,28,2
1.304302,3.122817,2,2,10,15,16,38,2
2.062711,3.11424,2,2,10,16,1,48,2
1.980122,3.113064,2,3,11,1,2,58,2
1.677473,0.009846,2,3,11,4,5,68,2
1.278952,0.011434,2,3,11,5,6,78,2
1.046618,0.029692,2,3,11,6,7,88,2
1.258205,0.009881,2,3,11,7,8,98,2
1.258186,0.009859,2,3,11,8,9,108,2
1.858424,-0.002971,2,3,11,9,10,118,2
1.894532,3.118563,2,3,11,12,13,128,2
1.304393,3.122821,2,3,11,13,14,138,2
1.056483,3.092474,2,3,11,14,15,148,2
1.14935,3.105359,2,3,11,15,16,158,2
1.516723,3.113108,2,3,11,16,1,168,2
1.180096,3.109262,2,4,12,1,2,178,2
1.8527,3.115631,2,4,12,2,3,188,2
1.94092,0.001917,2,4,12,5,6,198,2
1.340981,0.016089,2,4,12,6,7,208,2
1.257885,0.009896,2,4,12,7,8,218,2
1.132484,-0.001089,2,4,12,8,9,228,2
1.299444,0.013126,2,4,12,9,10,238,2
1.76028,0.014052,2,4,12,10,11,248,2
1.894137,3.118607,2,4,12,13,14,2,2
1.221335,3.114085,2,4,12,14,15,12,2
1.13611,3.122287,2,4,12,15,16,22,2
1.351239,3.103821,2,4,12,16,1,32,2
1.050462,3.13175,2,5,13,1,2,42,2
1.262621,3.118663,2,5,13,2,3,52,2
2.159569,3.104957,2,5,13,3,4,62,2
1.888815,-0.001039,2,5,13,6,7,72,2
1.340818,0.016141,2,5,13,7,8,82,2
1.090833,0.004317,2,5,13,8,9,92,2
1.17476,0.002847,2,5,13,9,10,102,2
1.174818,0.002904,2,5,13,10,11,112,2
1.88893,-0.001039,2,5,13,11,12,122,2
1.811271,3.112578,2,5,13,14,15,132,2
1.262584,3.118659,2,5,13,15,16,142,2
1.351072,3.096212,2,5,13,16,1,152,2
1.010553,3.127145,2,6,14,1,2,162,2
1.050462,3.131905,2,6,14,2,3,172,2
1.345351,3.126924,2,6,14,3,4,182,2
1.728836,3.10593,2,6,14,4,5,192,2
1.930407,0.001391,2,6,14,7,8,202,2
1.257954,0.010001,2,6,14,8,9,212,2
1.174914,0.002897,2,6,14,9,10,222,2
1.09198,-0.005244,2,6,14,10,11,232,2
1.216409,0.006551,2,6,14,11,12,242,2
1.847482,-0.003542,2,6,14,12,13,252,2
1.852779,3.115697,2,6,14,15,16,6,2
1.516402,3.113201,2,6,14,16,1,16,2
1.180218,3.108952,2,7,15,1,2,26,2
1.050638,3.130367,2,7,15,2,3,36,2
1.180164,3.109203,2,7,15,3,4,46,2
1.180099,3.109262,2,7,15,4,5,56,2
1.852792,3.115629,2,7,15,5,6,66,2
1.718756,0.012313,2,7,15,8,9,76,2
1.299442,0.013111,2,7,15,9,10,86,2
1.091988,-0.005294,2,7,15,10,11,96,2
1.09003,0.013709,2,7,15,11,12,106,2
1.257926,0.009898,2,7,15,12,13,116,2
1.84758,-0.003585,2,7,15,13,14,126,2
2.065161,3.109278,2,7,15,16,1,136,2
1.894015,3.1186,2,8,16,1,2,146,2
1.179981,3.109269,2,8,16,2,3,156,2
1.179942,3.109247,2,8,16,3,4,166,2
1.009073,3.126797,2,8,16,4,5,176,2
1.303997,3.122828,2,8,16,5,6,186,2
1.935238,3.121458,2,8,16,6,7,196,2
1.930382,0.001349,2,8,16,9,10,206,2
1.216245,0.006514,2,8,16,10,11,216,2
1.091837,-0.005261,2,8,16,11,12,226,2
1.089845,0.01376,2,8,16,12,13,236,2
1.257797,0.009905,2,8,16,13,14,246,2
1.930321,0.001318,2,8,16,14,15,0,2
1.852314,3.115536,2,9,1,2,3,10,2
1.303783,3.122805,2,9,1,3,4,20,2
1.008872,3.126771,2,9,1,4,5,30,2
1.221036,3.114047,2,9,1,5,6,40,2
1.345157,3.126773,2,9,1,6,7,50,2
1.965985,3.123487,2,9,1,7,8,60,2
1.763067,0.014534,2,9,1,10,11,70,2
1.216093,0.006455,2,9,1,11,12,80,2
1.091628,-0.005345,2,9,1,12,13,90,2
1.133139,-0.001054,2,9,1,13,14,100,2
1.330225,0.015326,2,9,1,14,15,110,2
1.971513,0.003553,2,9,1,15,16,120,2
1.95952,3.118413,2,10,2,3,4,130,2
1.179825,3.109233,2,10,2,4,5,140,2
1.221135,3.114065,2,10,2,5,6,150,2
1.179807,3.109233,2,10,2,6,7,160,2
1.262449,3.118563,2,10,2,7,8,170,2
1.769792,3.109256,2,10,2,8,9,180,2
1.971546,0.003553,2,10,2,11,12,190,2
1.257509,0.009861,2,10,2,12,13,200,2
1.133105,-0.001128,2,10,2,13,14,210,2
1.174613,0.002801,2,10,2,14,15,220,2
1.25753,0.009846,2,10,2,15,16,230,2
2.016594,-0.009653,2,10,2,16,1,240,2
1.857578,-0.002985,2,11,3,1,2,250,2
1.727239,3.117811,2,11,3,4,5,4,2
1.231529,3.11517,2,11,3,5,6,14,2
1.221173,3.114071,2,11,3,6,7,24,2
1.135886,3.104055,2,11,3,7,8,34,2
1.29355,3.121773,2,11,3,8,9,44,2
1.93512,3.121416,2,11,3,9,10,54,2
1.847345,-0.003603,2,11,3,12,13,64,2
1.257764,0.009899,2,11,3,13,14,74,2
1.153998,0.000815,2,11,3,14,15,84,2
1.132282,0.008055,2,11,3,15,16,94,2
1.469608,-0.004259,2,11,3,16,1,104,2
1.278237,0.011505,2,12,4,1,2,114,2
1.805449,-0.006167,2,12,4,2,3,124,2
2.018975,3.122398,2,12,4,5,6,134,2
1.392012,3.101907,2,12,4,6,7,144,2
1.138313,3.104083,2,12,4,7,8,154,2
1.138349,3.104103,2,12,4,8,9,164,2
1.38647,3.130499,2,12,4,9,10,174,2
1.810847,3.112549,2,12,4,10,11,184,2
1.846991,-0.003555,2,12,4,13,14,194,2
1.299018,0.013056,2,12,4,14,15,204,2
1.132086,-0.001111,2,12,4,15,16,214,2
1.299013,0.013071,2,12,4,16,1,224,2
1.174362,0.002912,2,13,5,1,2,234,2
1.21592,0.006522,2,13,5,2,3,244,2
2.101543,0.050632,2,13,5,3,4,254,2
1.893241,3.118659,2,13,5,6,7,8,2
1.262161,3.118659,2,13,5,7,8,18,2
1.138269,3.104162,2,13,5,8,9,28,2
1.220876,3.114178,2,13,5,9,10,38,2
1.262156,3.118672,2,13,5,10,11,48,2
1.893244,3.118654,2,13,5,11,12,58,2
1.888272,-0.001054,2,13,5,14,15,68,2
1.257329,0.009977,2,13,5,15,16,78,2
1.303507,0.013157,2,13,5,16,1,88,2
1.13313,-0.00129,2,14,6,1,2,98,2
1.004473,0.026337,2,14,6,2,3,108,2
1.298948,0.013115,2,14,6,3,4,118,2
1.719336,0.006331,2,14,6,4,5,128,2
1.852151,3.115678,2,14,6,7,8,138,2
1.262263,3.118683,2,14,6,8,9,148,2
1.220998,3.114152,2,14,6,9,10,158,2
1.138364,3.10414,2,14,6,10,11,168,2
1.303617,3.122924,2,14,6,11,12,178,2
1.893454,3.118702,2,14,6,12,13,188,2
1.91943,0.000758,2,14,6,15,16,198,2
1.469297,-0.00415,2,14,6,16,1,208,2
1.257403,0.010137,2,15,7,1,2,218,2
1.004405,0.026514,2,15,7,2,3,228,2
1.174448,0.002853,2,15,7,3,4,238,2
1.08859,0.021004,2,15,7,4,5,248,2
1.929841,0.001325,2,15,7,5,6,2,2
1.810797,3.112518,2,15,7,8,9,12,2
1.390686,3.108252,2,15,7,9,10,22,2
1.179699,3.109244,2,15,7,10,11,32,2
1.179705,3.109262,2,15,7,11,12,42,2
1.303646,3.122843,2,15,7,12,13,52,2
1.831454,3.114066,2,15,7,13,14,62,2
2.035897,-0.003225,2,15,7,16,1,72,2
1.805369,-0.006104,2,16,8,1,2,82,2
1.174368,0.002862,2,16,8,2,3,92,2
1.132953,-0.001067,2,16,8,3,4,102,2
0.921301,0.018907,2,16,8,4,5,112,2
1.257417,0.00992,2,16,8,5,6,122,2
1.846869,-0.003562,2,16,8,6,7,132,2
1.934721,3.121479,2,16,8,9,10,142,2
1.303601,3.122827,2,16,8,10,11,152,2
1.179625,3.10927,2,16,8,11,12,162,2
1.138406,3.10411,2,16,8,12,13,172,2
1.303603,3.122825,2,16,8,13,14,182,2
1.852052,3.115654,2,16,8,14,15,192,2
1.801381,-0.000244,4,1,9,2,3,100,4
1.326005,0.011417,4,1,9,3,4,110,4
0.982035,0.019398,4,1,9,4,5,120,4
1.43699,-0.000992,4,1,9,5,6,130,4
1.325978,0.011409,4,1,9,6,7,140,4
3.300983,-0.045255,4,1,9,7,8,150,4
1.8224,3.096776,4,1,9,10,11,160,4
1.301115,3.099026,4,1,9,11,12,170,4
1.174925,3.08698,4,1,9,12,13,180,4
1.134951,3.076516,4,1,9,13,14,190,4
1.386976,3.100859,4,1,9,14,15,200,4
1.862672,3.102913,4,1,9,15,16,210,4
1.842008,0.004885,4,2,10,3,4,220,4
1.154038,0.014765,4,2,10,4,5,230,4
1.02291,0.028039,4,2,10,5,6,240,4
1.154075,0.014773,4,2,10,6,7,250,4
1.536632,-0.022541,4,2,10,7,8,4,4
1.771044,-0.004414,4,2,10,8,9,14,4
1.933041,3.113016,4,2,10,11,12,24,4
1.29553,3.100327,4,2,10,12,13,34,4
1.135024,3.076532,4,2,10,13,14,44,4
1.255227,3.105847,4,2,10,14,15,54,4
1.215031,3.096727,4,2,10,15,16,64,4
2.083494,3.09607,4,2,10,16,1,74,4
1.954469,3.09381,4,3,11,1,2,84,4
1.720338,-0.011533,4,3,11,4,5,94,4
1.366795,0.018084,4,3,11,5,6,104,4
1.285353,0.00421,4,3,11,6,7,114,4
1.156563,0.014732,4,3,11,7,8,124,4
1.254926,0.00421,4,3,11,8,9,134,4
1.933002,-0.006278,4,3,11,9,10,144,4
1.8627,3.102881,4,3,11,12,13,154,4
1.255284,3.105875,4,3,11,13,14,164,4
1.21511,3.096742,4,3,11,14,15,174,4
1.043176,3.091248,4,3,11,15,16,184,4
1.47881,3.088991,4,3,11,16,1,194,4
1.295262,3.114454,4,4,12,1,2,204,4
1.770939,3.112941,4,4,12,2,3,214,4
2.145146,-0.002077,4,4,12,5,6,224,4
1.366535,0.018041,4,4,12,6,7,234,4
1.156292,0.014799,4,4,12,7,8,244,4
1.153842,0.014791,4,4,12,8,9,254,4
1.335986,0.013063,4,4,12,9,10,8,4
1.841756,0.004971,4,4,12,10,11,18,4
1.822193,3.096757,4,4,12,13,14,28,4
1.386779,3.100893,4,4,12,14,15,38,4
1.042889,3.091251,4,4,12,15,16,48,4
1.346672,3.092506,4,4,12,16,1,58,4
1.12324,3.112087,4,5,13,1,2,68,4
1.254933,3.105906,4,5,13,2,3,78,4
1.942902,3.114483,4,5,13,3,4,88,4
1.932441,-0.006226,4,5,13,6,7,98,4
1.325721,0.006032,4,5,13,7,8,108,4
1.113133,0.006726,4,5,13,8,9,118,4
1.194581,0.022408,4,5,13,9,10,128,4
1.194566,0.022375,4,5,13,10,11,138,4
1.88485,0.004644,4,5,13,11,12,148,4
1.994172,3.099667,4,5,13,14,15,158,4
1.174732,3.087099,4,5,13,15,16,168,4
1.346646,3.092554,4,5,13,16,1,178,4
1.123386,3.112174,4,6,14,1,2,188,4
1.043008,3.091347,4,6,14,2,3,198,4
1.346733,3.092586,4,6,14,3,4,208,4
1.690594,3.100203,4,6,14,4,5,218,4
2.5826,-0.069865,4,6,14,7,8,228,4
1.2423,0.004891,4,6,14,8,9,238,4
1.211915,0.01594,4,6,14,9,10,248,4
1.022752,0.028097,4,6,14,10,11,2,4
1.315678,0.009615,4,6,14,11,12,12,4
1.892097,-0.011483,4,6,14,12,13,22,4
1.862385,3.102931,4,6,14,15,16,32,4
1.478499,3.089017,4,6,14,16,1,42,4
1.254943,3.105878,4,7,15,1,2,52,4
1.042961,3.091226,4,7,15,2,3,62,4
1.174806,3.087005,4,7,15,3,4,72,4
1.12338,3.112065,4,7,15,4,5,82,4
1.822407,3.096793,4,7,15,5,6,92,4
1.801352,-0.000248,4,7,15,8,9,102,4
1.366641,0.018126,4,7,15,9,10,112,4
1.047912,0.002739,4,7,15,10,11,122,4
1.153945,0.014814,4,7,15,11,12,132,4
1.325892,0.011378,4,7,15,12,13,142,4
2.104782,-0.006691,4,7,15,13,14,152,4
2.086049,3.094029,4,7,15,16,1,162,4
1.902468,3.108782,4,8,16,1,2,172,4
1.214834,3.096749,4,8,16,2,3,182,4
1.174721,3.08699,4,8,16,3,4,192,4
1.002939,3.079632,4,8,16,4,5,202,4
1.123286,3.11207,4,8,16,5,6,212,4
1.922753,3.111646,4,8,16,6,7,222,4
1.942631,-0.005032,4,8,16,9,10,232,4
1.19462,0.022371,4,8,16,10,11,242,4
1.194561,0.020437,4,8,16,11,12,252,4
1.219796,-0.003381,4,8,16,12,13,6,4
1.358785,0.016429,4,8,16,13,14,16,4
1.841726,0.004964,4,8,16,14,15,26,4
1.770472,3.112879,4,9,1,2,3,36,4
1.300668,3.098977,4,9,1,3,4,46,4
1.002768,3.079611,4,9,1,4,5,56,4
1.214599,3.096763,4,9,1,5,6,66,4
1.346404,3.092459,4,9,1,6,7,76,4
2.521102,3.050122,4,9,1,7,8,86,4
1.886911,-0.002021,4,9,1,10,11,96,4
1.325532,0.011377,4,9,1,11,12,106,4
1.239763,-0.003411,4,9,1,12,13,116,4
1.153571,0.014754,4,9,1,13,14,126,4
1.284833,0.004194,4,9,1,14,15,136,4
1.932166,-0.006321,4,9,1,15,16,146,4
1.829268,3.098314,4,10,2,3,4,156,4
1.128869,3.0943,4,10,2,4,5,166,4
0.991507,3.119831,4,10,2,5,6,176,4
1.174644,3.086974,4,10,2,6,7,186,4
1.214633,3.09678,4,10,2,7,8,196,4
1.760567,3.111344,4,10,2,8,9,206,4
1.932314,-0.006306,4,10,2,11,12,216,4
1.366357,0.018076,4,10,2,12,13,226,4
1.19447,0.020426,4,10,2,13,14,236,4
1.113015,0.006638,4,10,2,14,15,246,4
1.366342,0.014706,4,10,2,15,16,0,4
2.185451,-0.003383,4,10,2,16,1,10,4
1.864407,0.006207,4,11,3,1,2,20,4
1.700317,3.101772,4,11,3,4,5,30,4
1.295141,3.114431,4,11,3,5,6,40,4
1.174692,3.086982,4,11,3,6,7,50,4
1.042825,3.091247,4,11,3,7,8,60,4
1.214696,3.09673,4,11,3,8,9,70,4
2.034116,3.105177,4,11,3,9,10,80,4
1.882207,0.00994,4,11,3,12,13,90,4
1.371155,0.003277,4,11,3,13,14,100,4
1.113082,0.006642,4,11,3,14,15,110,4
1.194479,0.022324,4,11,3,15,16,120,4
1.45695,0.002346,4,11,3,16,1,130,4
1.244183,-0.003385,4,12,4,1,2,140,4
1.800645,-0.000272,4,12,4,2,3,150,4
2.205733,3.107153,4,12,4,5,6,160,4
1.346209,3.092493,4,12,4,6,7,170,4
1.082736,3.096651,4,12,4,7,8,180,4
1.122971,3.112054,4,12,4,8,9,190,4
1.244574,3.103569,4,12,4,9,10,200,4
1.821662,3.096749,4,12,4,10,11,210,4
2.103911,-0.006764,4,12,4,13,14,220,4
1.280314,0.004224,4,12,4,14,15,230,4
1.153449,0.014747,4,12,4,15,16,240,4
1.244152,-0.003393,4,12,4,16,1,250,4
1.112768,0.006718,4,13,5,1,2,4,4
1.244138,-0.00334,4,13,5,2,3,14,4
2.002824,0.002404,4,13,5,3,4,24,4
1.861768,3.102964,4,13,5,6,7,34,4
1.362563,3.043038,4,13,5,7,8,44,4
1.122826,3.112103,4,13,5,8,9,54,4
1.082614,3.102089,4,13,5,9,10,64,4
1.12577,3.103198,4,13,5,10,11,74,4
1.901877,3.108821,4,13,5,11,12,84,4
1.841102,0.004996,4,13,5,14,15,94,4
1.28471,0.004285,4,13,5,15,16,104,4
1.284626,0.004273,4,13,5,16,1,114,4
1.112742,0.006678,4,14,6,1,2,124,4
1.072127,-0.00204,4,14,6,2,3,134,4
1.366077,0.018098,4,14,6,3,4,144,4
1.760062,-0.005768,4,14,6,4,5,154,4
3.106266,3.068183,4,14,6,7,8,164,4
1.214383,3.096798,4,14,6,8,9,174,4
1.122899,3.112102,4,14,6,9,10,184,4
0.99696,3.099773,4,14,6,10,11,194,4
1.254583,3.105913,4,14,6,11,12,204,4
1.861768,3.102967,4,14,6,12,13,214,4
1.891424,-0.011458,4,14,6,15,16,224,4
1.456672,0.002381,4,14,6,16,1,234,4
1.244324,-0.003301,4,15,7,1,2,244,4
1.070039,0.007528,4,15,7,2,3,254,4
1.244214,-0.003313,4,15,7,3,4,8,4
1.194257,0.022366,4,15,7,4,5,18,4
1.972603,-0.00124,4,15,7,5,6,28,4
1.770452,3.112929,4,15,7,8,9,38,4
1.320782,3.088074,4,15,7,9,10,48,4
1.002699,3.079623,4,15,7,10,11,58,4
1.174474,3.087008,4,15,7,11,12,68,4
1.306285,3.083623,4,15,7,12,13,78,4
1.816273,3.107842,4,15,7,13,14,88,4
2.185283,-0.002248,4,15,7,16,1,98,4
1.841102,0.005024,4,16,8,1,2,108,4
1.194218,0.022427,4,16,8,2,3,118,4
1.203634,0.013903,4,16,8,3,4,128,4
1.072209,-0.002057,4,16,8,4,5,138,4
1.405956,-0.00617,4,16,8,5,6,148,4
1.972475,-0.001263,4,16,8,6,7,158,4
1.942327,3.114454,4,16,8,9,10,168,4
1.174388,3.087001,4,16,8,10,11,178,4
1.174398,3.086993,4,16,8,11,12,188,4
1.214373,3.09677,4,16,8,12,13,198,4
1.214441,3.096749,4,16,8,13,14,208,4
1.813402,3.107827,4,16,8,14,15,218,4
1.812378,-0.012361,7,1,9,2,3,131,7
1.255596,0.00319,7,1,9,3,4,141,7
1.085163,0.023647,7,1,9,4,5,151,7
1.034821,0.011123,7,1,9,5,6,161,7
1.255596,0.003178,7,1,9,6,7,171,7
1.924789,-0.016833,7,1,9,7,8,181,7
1.847794,3.092184,7,1,9,10,11,191,7
1.319853,3.0922,7,1,9,11,12,201,7
1.267334,3.071369,7,1,9,12,13,211,7
1.00343,3.065878,7,1,9,13,14,221,7
1.227554,3.081447,7,1,9,14,15,231,7
1.887495,3.085207,7,1,9,15,16,241,7
1.837035,0.0009,7,2,10,3,4,251,7
1.201756,-0.01645,7,2,10,4,5,5,7
1.162656,-0.003994,7,2,10,5,6,15,7
1.216837,0.015704,7,2,10,6,7,25,7
1.166649,0.004285,7,2,10,7,8,35,7
1.705158,0.004799,7,2,10,8,9,45,7
1.927323,3.081854,7,2,10,11,12,55,7
1.39938,3.07331,7,2,10,12,13,65,7
1.003483,3.065878,7,2,10,13,14,75,7
1.095626,3.080128,7,2,10,14,15,85,7
1.267413,3.071345,7,2,10,15,16,95,7
2.151435,3.08604,7,2,10,16,1,105,7
1.940452,3.098966,7,3,11,1,2,115,7
1.744141,-0.004,7,3,11,4,5,125,7
1.22659,0.012578,7,3,11,5,6,135,7
1.162742,-0.003994,7,3,11,6,7,145,7
1.030915,0.001835,7,3,11,7,8,155,7
1.255694,0.00316,7,3,11,8,9,165,7
1.84676,-0.001169,7,3,11,9,10,175,7
1.927286,3.078478,7,3,11,12,13,185,7
1.1355,3.068924,7,3,11,13,14,195,7
1.095653,3.080122,7,3,11,14,15,205,7
1.135472,3.068924,7,3,11,15,16,215,7
1.451929,3.089972,7,3,11,16,1,225,7
1.267197,3.071337,7,4,12,1,2,235,7
1.887273,3.090429,7,4,12,2,3,245,7
2.046684,-0.017141,7,4,12,5,6,255,7
1.294421,-0.008618,7,4,12,6,7,9,7
1.030733,0.001812,7,4,12,7,8,19,7
1.123717,0.009325,7,4,12,8,9,29,7
1.255464,0.003186,7,4,12,9,10,39,7
1.825581,-0.020405,7,4,12,10,11,49,7
1.92688,3.078503,7,4,12,13,14,59,7
1.217455,3.084134,7,4,12,14,15,69,7
1.135212,3.068934,7,4,12,15,16,79,7
1.267146,3.071355,7,4,12,16,1,89,7
1.135219,3.068981,7,5,13,1,2,99,7
1.187698,3.092242,7,5,13,2,3,109,7
2.019167,3.085724,7,5,13,3,4,119,7
1.875648,-0.007169,7,5,13,6,7,129,7
1.162425,-0.003959,7,5,13,7,8,139,7
1.123595,0.009373,7,5,13,8,9,149,7
1.162511,-0.003921,7,5,13,9,10,159,7
1.123661,0.009386,7,5,13,10,11,169,7
1.875585,-0.007172,7,5,13,11,12,179,7
1.887201,3.085255,7,5,13,14,15,189,7
1.313431,3.077067,7,5,13,15,16,199,7
1.247249,3.07389,7,5,13,16,1,209,7
1.135221,3.06904,7,6,14,1,2,219,7
1.055751,3.092248,7,6,14,2,3,229,7
1.319665,3.092192,7,6,14,3,4,239,7
1.79496,3.077531,7,6,14,4,5,249,7
1.82192,-0.018403,7,6,14,7,8,3,7
1.255409,0.003176,7,6,14,8,9,13,7
1.162547,-0.003984,7,6,14,9,10,23,7
1.030714,0.001859,7,6,14,10,11,33,7
1.294421,-0.0086,7,6,14,11,12,43,7
1.953902,-0.022342,7,6,14,12,13,53,7
1.887156,3.085199,7,6,14,15,16,63,7
1.44535,3.078435,7,6,14,16,1,73,7
1.237377,3.07889,7,7,15,1,2,83,7
1.00343,3.065902,7,7,15,2,3,93,7
1.145039,3.06896,7,7,15,3,4,103,7
1.227428,3.081425,7,7,15,4,5,113,7
1.90066,3.104294,7,7,15,5,6,123,7
1.743897,-0.003946,7,7,15,8,9,133,7
1.294525,-0.008575,7,7,15,9,10,143,7
1.030768,0.001853,7,7,15,10,11,153,7
1.162577,-0.004008,7,7,15,11,12,163,7
1.348493,0.009387,7,7,15,12,13,173,7
1.914771,-0.014912,7,7,15,13,14,183,7
2.151368,3.086065,7,7,15,16,1,193,7
1.887156,3.085181,7,8,16,1,2,203,7
1.13852,3.077633,7,8,16,2,3,213,7
1.135219,3.068934,7,8,16,3,4,223,7
1.095367,3.08015,7,8,16,4,5,233,7
1.227359,3.081433,7,8,16,5,6,243,7
2.019118,3.08565,7,8,16,6,7,253,7
1.875585,-0.007179,7,8,16,9,10,7,7
1.170328,0.01255,7,8,16,10,11,17,7
1.195674,-0.003984,7,8,16,11,12,27,7
1.255456,0.00317,7,8,16,12,13,37,7
1.216626,0.01573,7,8,16,13,14,47,7
1.836637,0.000895,7,8,16,14,15,57,7
1.847245,3.092172,7,9,1,2,3,67,7
1.266918,3.071313,7,9,1,3,4,77,7
1.095164,3.080149,7,9,1,4,5,87,7
1.227101,3.081444,7,9,1,5,6,97,7
1.319379,3.092196,7,9,1,6,7,107,7
2.008793,3.087273,7,9,1,7,8,117,7
1.836187,0.000858,7,9,1,10,11,127,7
1.294068,-0.008615,7,9,1,11,12,137,7
1.255125,0.003193,7,9,1,12,13,147,7
1.030532,0.001829,7,9,1,13,14,157,7
1.12341,0.009353,7,9,1,14,15,167,7
1.836289,0.000896,7,9,1,15,16,177,7
1.886864,3.085179,7,10,2,3,4,187,7
1.187522,3.092156,7,10,2,4,5,197,7
1.266957,3.071379,7,10,2,5,6,207,7
1.187515,3.092172,7,10,2,6,7,217,7
1.279945,3.086923,7,10,2,7,8,227,7
1.72518,3.092137,7,10,2,8,9,237,7
1.914355,-0.014952,7,10,2,11,12,247,7
1.387004,-0.001838,7,10,2,12,13,1,7
1.08485,0.02362,7,10,2,13,14,11,7
0.991792,0.017147,7,10,2,14,15,21,7
1.12348,0.009335,7,10,2,15,16,31,7
2.16833,-0.017436,7,10,2,16,1,41,7
1.875364,-0.007198,7,11,3,1,2,51,7
1.755025,3.084635,7,11,3,4,5,61,7
1.310014,3.069452,7,11,3,5,6,71,7
1.184401,3.08373,7,11,3,6,7,81,7
1.187493,3.092172,7,11,3,7,8,91,7
1.279929,3.102475,7,11,3,8,9,101,7
1.939629,3.098943,7,11,3,9,10,111,7
1.968287,-0.002494,7,11,3,12,13,121,7
1.216468,0.015652,7,11,3,13,14,131,7
1.030576,0.001816,7,11,3,14,15,141,7
0.953349,0.033696,7,11,3,15,16,151,7
1.387064,-0.001844,7,11,3,16,1,161,7
1.162159,-0.004002,7,12,4,1,2,171,7
1.836221,0.000883,7,12,4,2,3,181,7
2.018518,3.085622,7,12,4,5,6,191,7
1.358907,3.082456,7,12,4,6,7,201,7
1.187345,3.092152,7,12,4,7,8,211,7
1.147836,3.103646,7,12,4,8,9,221,7
1.279763,3.102455,7,12,4,9,10,231,7
1.846971,3.092158,7,12,4,10,11,241,7
1.875091,-0.007178,7,12,4,13,14,251,7
1.216324,0.0157,7,12,4,14,15,5,7
0.991645,0.017134,7,12,4,15,16,15,7
1.208776,0.007646,7,12,4,16,1,25,7
1.03034,0.001889,7,13,5,1,2,35,7
1.16213,-0.003937,7,13,5,2,3,45,7
1.967896,-0.002483,7,13,5,3,4,55,7
2.229963,3.074471,7,13,5,6,7,65,7
1.31917,3.092182,7,13,5,7,8,75,7
1.147765,3.103658,7,13,5,8,9,85,7
1.134831,3.068993,7,13,5,9,10,95,7
1.227017,3.081468,7,13,5,10,11,105,7
1.846982,3.09222,7,13,5,11,12,115,7
1.875044,-0.007138,7,13,5,14,15,125,7
1.204973,0.015771,7,13,5,15,16,135,7
1.201241,-0.013269,7,13,5,16,1,145,7
1.020803,0.005609,7,14,6,1,2,155,7
0.991703,0.017147,7,14,6,2,3,165,7
1.274566,-0.002696,7,14,6,3,4,175,7
1.743351,-0.003967,7,14,6,4,5,185,7
1.847033,3.09222,7,14,6,7,8,195,7
1.27977,3.102523,7,14,6,8,9,205,7
1.134888,3.068947,7,14,6,9,10,215,7
1.095096,3.080167,7,14,6,10,11,225,7
1.319281,3.092189,7,14,6,11,12,235,7
1.929618,3.078529,7,14,6,12,13,245,7
1.836084,0.000907,7,14,6,15,16,255,7
1.386858,-0.001842,7,14,6,16,1,9,7
1.162208,-0.003887,7,15,7,1,2,19,7
0.991675,0.017196,7,15,7,2,3,29,7
1.084749,0.023638,7,15,7,3,4,39,7
1.162259,-0.003958,7,15,7,4,5,49,7
1.836192,0.000939,7,15,7,5,6,59,7
1.754802,3.084677,7,15,7,8,9,69,7
1.319338,3.092208,7,15,7,9,10,79,7
1.095076,3.080111,7,15,7,10,11,89,7
1.18739,3.092165,7,15,7,11,12,99,7
1.398717,3.073349,7,15,7,12,13,109,7
1.886658,3.085221,7,15,7,13,14,119,7
2.177974,-0.019103,7,15,7,16,1,129,7
1.874945,-0.007135,7,16,8,1,2,139,7
1.12325,0.009392,7,16,8,2,3,149,7
1.084622,0.023624,7,16,8,3,4,159,7
1.030349,0.001836,7,16,8,4,5,169,7
1.255044,0.003149,7,16,8,5,6,179,7
1.914071,-0.014959,7,16,8,6,7,189,7
1.939364,3.098961,7,16,8,9,10,199,7
1.266757,3.071362,7,16,8,10,11,209,7
1.187308,3.092158,7,16,8,11,12,219,7
1.266769,3.071352,7,16,8,12,13,229,7
1.2668,3.07139,7,16,8,13,14,239,7
1.846942,3.092182,7,16,8,14,15,249,7
1.745056,-0.025377,10,1,9,2,3,156,10
1.170641,-0.013621,10,1,9,3,4,166,10
0.961884,-0.005887,10,1,9,4,5,176,10
1.020013,-0.016542,10,1,9,5,6,186,10
1.228788,-0.022121,10,1,9,6,7,196,10
1.855262,-0.031309,10,1,9,7,8,206,10
1.788279,3.08296,10,1,9,10,11,216,10
1.370509,3.0801,10,1,9,11,12,226,10
1.278953,3.066154,10,1,9,12,13,236,10
1.311931,3.085884,10,1,9,13,14,246,10
1.370493,3.080046,10,1,9,14,15,0,10
1.997173,3.08393,10,1,9,15,16,10,10
1.889451,-0.024853,10,2,10,3,4,20,10
1.112531,-0.004261,10,2,10,4,5,30,10
1.241117,-0.02894,10,2,10,5,6,40,10
1.157013,-0.022041,10,2,10,6,7,50,10
1.287129,-0.029865,10,2,10,7,8,60,10
1.738801,-0.020505,10,2,10,8,9,70,10
1.880189,3.09225,10,2,10,11,12,80,10
1.429216,3.074708,10,2,10,12,13,90,10
1.31201,3.085899,10,2,10,13,14,100,10
1.253552,3.092235,10,2,10,14,15,110,10
1.201401,3.092345,10,2,10,15,16,120,10
2.114463,3.076441,10,2,10,16,1,130,10
1.947171,3.087926,10,3,11,1,2,140,10
1.743835,-0.024369,10,3,11,4,5,150,10
1.403977,-0.04339,10,3,11,5,6,160,10
1.163827,-0.017839,10,3,11,6,7,170,10
1.136592,-0.034638,10,3,11,7,8,180,10
1.170641,-0.013636,10,3,11,8,9,190,10
1.855498,-0.031345,10,3,11,9,10,200,10
2.023018,3.067499,10,3,11,12,13,210,10
1.429269,3.074704,10,3,11,13,14,220,10
1.220368,3.071713,10,3,11,14,15,230,10
1.103178,3.084656,10,3,11,15,16,240,10
1.546681,3.065234,10,3,11,16,1,250,10
1.311829,3.08587,10,4,12,1,2,4,10
1.870059,3.099478,10,4,12,2,3,14,10
2.122387,-0.037542,10,4,12,5,6,24,10
1.345358,-0.036881,10,4,12,6,7,34,10
1.136435,-0.034657,10,4,12,7,8,44,10
0.996519,0.017771,10,4,12,8,9,54,10
1.228674,-0.022121,10,4,12,9,10,64,10
1.75808,-0.035989,10,4,12,10,11,74,10
2.055445,3.080045,10,4,12,13,14,84,10
1.311737,3.085906,10,4,12,14,15,94,10
1.102912,3.084655,10,4,12,15,16,104,10
1.396211,3.056348,10,4,12,16,1,114,10
1.161508,3.077913,10,5,13,1,2,124,10
1.311815,3.085946,10,5,13,2,3,134,10
2.088711,3.092286,10,5,13,3,4,144,10
1.913437,-0.036218,10,5,13,6,7,154,10
1.274942,-0.025947,10,5,13,7,8,164,10
0.975682,0.003633,10,5,13,8,9,174,10
1.078126,-0.026018,10,5,13,9,10,184,10
1.136407,-0.034565,10,5,13,10,11,194,10
1.821468,-0.044715,10,5,13,11,12,204,10
2.055558,3.08011,10,5,13,14,15,214,10
1.29528,3.076051,10,5,13,15,16,224,10
1.402769,3.060066,10,5,13,16,1,234,10
1.161502,3.077926,10,6,14,1,2,244,10
1.161611,3.077855,10,6,14,2,3,254,10
1.278965,3.092263,10,6,14,3,4,8,10
1.808105,3.091274,10,6,14,4,5,18,10
1.85518,-0.031295,10,6,14,7,8,28,10
1.140201,0.008071,10,6,14,8,9,38,10
1.112427,-0.004243,10,6,14,9,10,48,10
0.985961,-0.040795,10,6,14,10,11,58,10
1.28695,-0.029824,10,6,14,11,12,68,10
1.971931,-0.040854,10,6,14,12,13,78,10
1.879979,3.092249,10,6,14,15,16,88,10
1.546331,3.065247,10,6,14,16,1,98,10
1.312157,3.085918,10,7,15,1,2,108,10
1.161706,3.077892,10,7,15,2,3,118,10
1.067775,3.092278,10,7,15,3,4,128,10
1.194949,3.099291,10,7,15,4,5,138,10
1.93862,3.087986,10,7,15,5,6,148,10
1.738801,-0.02046,10,7,15,8,9,158,10
1.263141,-0.003014,10,7,15,9,10,168,10
1.019963,-0.016546,10,7,15,10,11,178,10
1.136487,-0.03462,10,7,15,11,12,188,10
1.403878,-0.043343,10,7,15,12,13,198,10
1.972106,-0.040813,10,7,15,13,14,208,10
2.114353,3.076481,10,7,15,16,1,218,10
1.938503,3.087953,10,8,16,1,2,228,10
1.278856,3.06613,10,8,16,2,3,238,10
1.044355,3.092286,10,8,16,3,4,248,10
1.031127,3.082367,10,8,16,4,5,2,10
1.331054,3.083004,10,8,16,5,6,12,10
1.938385,3.087998,10,8,16,6,7,22,10
1.855076,-0.031291,10,8,16,9,10,32,10
1.136398,-0.034602,10,8,16,10,11,42,10
1.170424,-0.01365,10,8,16,11,12,52,10
1.286952,-0.029836,10,8,16,12,13,62,10
1.170424,-0.013608,10,8,16,13,14,72,10
1.79679,-0.026055,10,8,16,14,15,82,10
1.821122,3.096798,10,9,1,2,3,92,10
1.219911,3.071718,10,9,1,3,4,102,10
1.035838,3.086073,10,9,1,4,5,112,10
1.16131,3.077894,10,9,1,5,6,122,10
1.370093,3.080072,10,9,1,6,7,132,10
1.938126,3.087978,10,9,1,7,8,142,10
1.738256,-0.020511,10,9,1,10,11,152,10
1.28668,-0.029807,10,9,1,11,12,162,10
1.286699,-0.029848,10,9,1,12,13,172,10
1.019657,-0.01654,10,9,1,13,14,182,10
1.176287,-0.013665,10,9,1,14,15,192,10
1.899708,-0.03619,10,9,1,15,16,202,10
1.938091,3.087947,10,10,2,3,4,212,10
1.204732,3.08824,10,10,2,4,5,222,10
1.102749,3.084691,10,10,2,5,6,232,10
1.194613,3.099259,10,10,2,6,7,242,10
1.295112,3.075995,10,10,2,7,8,252,10
1.814447,3.096853,10,10,2,8,9,6,10
1.854871,-0.031324,10,10,2,11,12,16,10
1.437257,-0.026082,10,10,2,12,13,26,10
1.019726,-0.016607,10,10,2,13,14,36,10
1.112168,-0.004244,10,10,2,14,15,46,10
1.228434,-0.022131,10,10,2,15,16,56,10
2.029989,-0.045211,10,10,2,16,1,66,10
1.913344,-0.036245,10,11,3,1,2,76,10
1.787848,3.082936,10,11,3,4,5,86,10
1.341181,3.082929,10,11,3,5,6,96,10
1.161305,3.077909,10,11,3,6,7,106,10
1.102707,3.084691,10,11,3,7,8,116,10
1.194661,3.099297,10,11,3,8,9,126,10
1.996665,3.083885,10,11,3,9,10,136,10
1.97166,-0.040822,10,11,3,12,13,146,10
1.17025,-0.013627,10,11,3,13,14,156,10
1.084813,-0.021693,10,11,3,14,15,166,10
1.019782,-0.016569,10,11,3,15,16,176,10
1.495644,-0.032586,10,11,3,16,1,186,10
1.260135,-0.027917,10,12,4,1,2,196,10
1.776033,-0.026072,10,12,4,2,3,206,10
2.088092,3.092247,10,12,4,5,6,216,10
1.383248,3.087356,10,12,4,6,7,226,10
1.102523,3.08468,10,12,4,7,8,236,10
1.044007,3.092287,10,12,4,8,9,246,10
1.219703,3.071702,10,12,4,9,10,0,10
1.807555,3.091283,10,12,4,10,11,10,10
1.971229,-0.040871,10,12,4,13,14,20,10
1.228293,-0.022134,10,12,4,14,15,30,10
1.01371,-0.016561,10,12,4,15,16,40,10
1.344864,-0.036872,10,12,4,16,1,50,10
1.118032,-0.011812,10,13,5,1,2,60,10
1.286527,-0.029782,10,13,5,2,3,70,10
2.148923,-0.041609,10,13,5,3,4,80,10
2.016306,3.082393,10,13,5,6,7,90,10
1.20701,3.085536,10,13,5,7,8,100,10
1.044007,3.092302,10,13,5,8,9,110,10
1.044017,3.092302,10,13,5,9,10,120,10
1.161056,3.077915,10,13,5,10,11,130,10
1.879212,3.092302,10,13,5,11,12,140,10
1.796231,-0.026046,10,13,5,14,15,150,10
1.170033,-0.013591,10,13,5,15,16,160,10
1.344785,-0.036869,10,13,5,16,1,170,10
1.112619,-0.004348,10,14,6,1,2,180,10
1.112151,-0.004244,10,14,6,2,3,190,10
1.170099,-0.013647,10,14,6,3,4,200,10
1.757624,-0.035965,10,14,6,4,5,210,10
1.879317,3.092289,10,14,6,7,8,220,10
1.194475,3.099277,10,14,6,8,9,230,10
1.102549,3.084681,10,14,6,9,10,240,10
1.010995,3.067522,10,14,6,10,11,250,10
1.311427,3.085878,10,14,6,11,12,4,10
2.021916,3.077374,10,14,6,12,13,14,10
1.912909,-0.036237,10,14,6,15,16,24,10
1.495366,-0.03255,10,14,6,16,1,34,10
1.262702,-0.023081,10,15,7,1,2,44,10
1.077906,-0.026075,10,15,7,2,3,54,10
0.961599,-0.005885,10,15,7,3,4,64,10
1.136175,-0.034596,10,15,7,4,5,74,10
1.888715,-0.0184,10,15,7,5,6,84,10
1.820976,3.096871,10,15,7,8,9,94,10
1.311506,3.08592,10,15,7,9,10,104,10
1.044173,3.092277,10,15,7,10,11,114,10
1.194539,3.099231,10,15,7,11,12,124,10
1.487261,3.069854,10,15,7,12,13,134,10
1.862852,3.085479,10,15,7,13,14,144,10
2.063442,-0.033123,10,15,7,16,1,154,10
1.854681,-0.031343,10,16,8,1,2,164,10
1.228266,-0.022119,10,16,8,2,3,174,10
0.961483,-0.005857,10,16,8,3,4,184,10
1.019551,-0.01653,10,16,8,4,5,194,10
1.286509,-0.029868,10,16,8,5,6,204,10
1.854574,-0.031292,10,16,8,6,7,214,10
1.96928,3.08802,10,16,8,9,10,224,10
1.181134,3.090725,10,16,8,10,11,234,10
1.219754,3.071739,10,16,8,11,12,244,10
1.337105,3.061044,10,16,8,12,13,254,10
1.194467,3.099277,10,16,8,13,14,8,10
1.83102,3.089607,10,16,8,14,15,18,10
1.820489,-0.048922,20,1,9,2,3,185,20
1.131366,-0.009487,20,1,9,3,4,195,20
1.030535,-0.043182,20,1,9,4,5,205,20
1.209855,-0.023279,20,1,9,5,6,215,20
1.289106,-0.045922,20,1,9,6,7,225,20
1.953475,-0.049456,20,1,9,7,8,235,20
1.865091,3.014045,20,1,9,10,11,245,20
1.345321,3.016163,20,1,9,11,12,255,20
1.285665,2.960976,20,1,9,12,13,9,20
0.998897,3.018756,20,1,9,13,14,19,20
1.172104,3.017254,20,1,9,14,15,29,20
1.875947,3.035713,20,1,9,15,16,39,20
1.993352,-0.056321,20,2,10,3,4,49,20
1.15618,-0.044784,20,2,10,4,5,59,20
1.116576,-0.032454,20,2,10,5,6,69,20
1.196011,-0.056252,20,2,10,6,7,79,20
1.289102,-0.045944,20,2,10,7,8,89,20
1.780898,-0.04131,20,2,10,8,9,99,20
1.916526,3.029848,20,2,10,11,12,109,20
1.447341,2.996373,20,2,10,12,13,119,20
0.998841,3.018722,20,2,10,13,14,129,20
1.039576,3.008543,20,2,10,14,15,139,20
1.253581,3.000454,20,2,10,15,16,149,20
1.99772,3.018763,20,2,10,16,1,159,20
1.916653,3.029736,20,3,11,1,2,169,20
1.68783,-0.048413,20,3,11,4,5,179,20
1.342769,-0.026549,20,3,11,5,6,189,20
1.249481,-0.034991,20,3,11,6,7,199,20
1.196059,-0.056271,20,3,11,7,8,209,20
1.264255,-0.003688,20,3,11,8,9,219,20
1.860484,-0.056206,20,3,11,9,10,229,20
2.007961,3.017493,20,3,11,12,13,239,20
1.131557,3.026603,20,3,11,13,14,249,20
1.080486,2.999138,20,3,11,14,15,3,20
1.162361,2.982271,20,3,11,15,16,13,20
1.386109,3.008575,20,3,11,16,1,23,20
1.264125,3.032604,20,4,12,1,2,33,20
1.875748,3.035695,20,4,12,2,3,43,20
2.056261,-0.049865,20,4,12,5,6,53,20
1.229492,-0.026256,20,4,12,6,7,63,20
1.195806,-0.056259,20,4,12,7,8,73,20
1.131342,0.002491,20,4,12,8,9,83,20
1.249235,-0.034986,20,4,12,9,10,93,20
1.860072,-0.056253,20,4,12,10,11,103,20
1.86487,3.014013,20,4,12,13,14,113,20
1.171947,3.017238,20,4,12,14,15,123,20
1.203138,2.974695,20,4,12,15,16,133,20
1.244291,2.967579,20,4,12,16,1,143,20
1.171972,3.017182,20,5,13,1,2,153,20
1.304537,3.024185,20,5,13,2,3,163,20
2.170642,3.017963,20,5,13,3,4,173,20
1.860078,-0.056228,20,5,13,6,7,183,20
1.288909,-0.045935,20,5,13,7,8,193,20
1.131345,0.002491,20,5,13,8,9,203,20
1.116401,-0.032407,20,5,13,9,10,213,20
1.249251,-0.034961,20,5,13,10,11,223,20
1.820324,-0.048907,20,5,13,11,12,233,20
1.74305,3.032018,20,5,13,14,15,243,20
1.34023,3.00096,20,5,13,15,16,253,20
1.287688,2.976965,20,5,13,16,1,7,20
1.171877,3.017338,20,6,14,1,2,17,20
1.171976,3.01732,20,6,14,2,3,27,20
1.218038,3.02744,20,6,14,3,4,37,20
1.702526,3.03858,20,6,14,4,5,47,20
1.860089,-0.056184,20,6,14,7,8,57,20
1.225006,-0.000487,20,6,14,8,9,67,20
1.136182,-0.038578,20,6,14,9,10,77,20
1.116401,-0.032454,20,6,14,10,11,87,20
1.288893,-0.045956,20,6,14,11,12,97,20
2.033065,-0.064381,20,6,14,12,13,107,20
1.875859,3.035773,20,6,14,15,16,117,20
1.426789,3.001394,20,6,14,16,1,127,20
1.253867,3.000339,20,7,15,1,2,137,20
1.121475,2.990276,20,7,15,2,3,147,20
0.998879,3.018628,20,7,15,3,4,157,20
1.202552,3.010704,20,7,15,4,5,167,20
1.916389,3.029804,20,7,15,5,6,177,20
1.820444,-0.048997,20,7,15,8,9,187,20
1.288962,-0.045956,20,7,15,9,10,197,20
1.116492,-0.032454,20,7,15,10,11,207,20
1.156094,-0.04479,20,7,15,11,12,217,20
1.328694,-0.056265,20,7,15,12,13,227,20
1.900132,-0.063302,20,7,15,13,14,237,20
2.038231,3.013537,20,7,15,16,1,247,20
1.876041,3.035592,20,8,16,1,2,1,20
1.253577,3.000263,20,8,16,2,3,11,20
0.998754,3.018672,20,8,16,3,4,21,20
1.080216,2.999109,20,8,16,4,5,31,20
1.34512,3.016109,20,8,16,5,6,41,20
1.966864,3.022796,20,8,16,6,7,51,20
1.873689,-0.035008,20,8,16,9,10,61,20
1.288769,-0.045988,20,8,16,10,11,71,20
1.155982,-0.044772,20,8,16,11,12,81,20
1.156,-0.044759,20,8,16,12,13,91,20
1.288769,-0.045957,20,8,16,13,14,101,20
1.98648,-0.069599,20,8,16,14,15,111,20
1.82412,3.019666,20,9,1,2,3,121,20
1.171848,3.017113,20,9,1,3,4,131,20
1.080098,2.999053,20,9,1,4,5,141,20
1.199253,2.991453,20,9,1,5,6,151,20
1.375446,3.010439,20,9,1,6,7,161,20
2.190604,3.015523,20,9,1,7,8,171,20
1.859747,-0.056263,20,9,1,10,11,181,20
1.342233,-0.026569,20,9,1,11,12,191,20
1.126102,-0.035532,20,9,1,12,13,201,20
1.116182,-0.03248,20,9,1,13,14,211,20
1.2688,-0.040472,20,9,1,14,15,221,20
1.859765,-0.056253,20,9,1,15,16,231,20
1.997034,3.018815,20,10,2,3,4,241,20
1.181919,3.015098,20,10,2,4,5,251,20
1.985613,2.871335,20,10,2,5,6,5,20
1.128622,3.017519,20,10,2,6,7,15,20
1.385677,3.008549,20,10,2,7,8,25,20
1.834969,3.041882,20,10,2,8,9,35,20
1.873513,-0.034992,20,10,2,11,12,45,20
1.335412,-0.036302,20,10,2,12,13,55,20
1.155762,-0.044775,20,10,2,13,14,65,20
1.155838,-0.044788,20,10,2,14,15,75,20
1.209492,-0.023336,20,10,2,15,16,85,20
1.992648,-0.056291,20,10,2,16,1,95,20
1.899692,-0.063178,20,11,3,1,2,105,20
1.702218,3.0293,20,11,3,4,5,115,20
1.81351,2.907195,20,11,3,5,6,125,20
1.192156,3.012928,20,11,3,6,7,135,20
1.212483,3.008549,20,11,3,7,8,145,20
1.263789,3.032762,20,11,3,8,9,155,20
1.95658,3.024166,20,11,3,9,10,165,20
2.032583,-0.062839,20,11,3,12,13,175,20
1.288688,-0.045935,20,11,3,13,14,185,20
1.209519,-0.023326,20,11,3,14,15,195,20
1.04388,-0.00862,20,11,3,15,16,205,20
1.368393,-0.058731,20,11,3,16,1,215,20
1.169983,-0.010777,20,12,4,1,2,225,20
1.819711,-0.048967,20,12,4,2,3,235,20
2.005127,3.018746,20,12,4,5,6,245,20
1.344793,3.016143,20,12,4,6,7,255,20
1.253022,3.000462,20,12,4,7,8,9,20
1.171523,3.017256,20,12,4,8,9,19,20
1.255639,3.02058,20,12,4,9,10,29,20
1.864252,3.014025,20,12,4,10,11,39,20
1.906118,-0.063259,20,12,4,13,14,49,20
1.331677,-0.048852,20,12,4,14,15,59,20
1.076617,-0.019265,20,12,4,15,16,69,20
1.248853,-0.035011,20,12,4,16,1,79,20
1.037312,-0.004936,20,13,5,1,2,89,20
1.288431,-0.045907,20,13,5,2,3,99,20
2.12198,-0.06097,20,13,5,3,4,109,20
1.915593,3.029859,20,13,5,6,7,119,20
1.416974,2.972633,20,13,5,7,8,129,20
1.130968,3.026558,20,13,5,8,9,139,20
1.079953,2.999146,20,13,5,9,10,149,20
1.293961,2.992789,20,13,5,10,11,159,20
1.875098,3.035741,20,13,5,11,12,169,20
1.909527,-0.047664,20,13,5,14,15,179,20
1.288487,-0.04596,20,13,5,15,16,189,20
1.248869,-0.035005,20,13,5,16,1,199,20
1.037623,-0.005144,20,14,6,1,2,209,20
1.116353,-0.032526,20,14,6,2,3,219,20
1.209606,-0.023404,20,14,6,3,4,229,20
1.687209,-0.048542,20,14,6,4,5,239,20
2.037608,3.013467,20,14,6,7,8,249,20
1.263592,3.032712,20,14,6,8,9,3,20
1.082599,3.008434,20,14,6,9,10,13,20
1.1208,2.990356,20,14,6,10,11,23,20
1.299045,3.008474,20,14,6,11,12,33,20
2.037506,3.013524,20,14,6,12,13,43,20
1.859562,-0.056316,20,14,6,15,16,53,20
1.381661,-0.037063,20,14,6,16,1,63,20
1.159264,-0.016151,20,15,7,1,2,73,20
1.116144,-0.032386,20,15,7,2,3,83,20
1.037467,-0.004904,20,15,7,3,4,93,20
1.155639,-0.044657,20,15,7,4,5,103,20
2.020495,-0.086528,20,15,7,5,6,113,20
1.83486,3.04182,20,15,7,8,9,123,20
1.304261,3.024182,20,15,7,9,10,133,20
1.123462,2.990372,20,15,7,10,11,143,20
1.171698,3.017269,20,15,7,11,12,153,20
1.376015,2.978921,20,15,7,12,13,163,20
1.875355,3.035735,20,15,7,13,14,173,20
1.992537,-0.056294,20,15,7,16,1,183,20
1.859515,-0.056191,20,16,8,1,2,193,20
1.248736,-0.034899,20,16,8,2,3,203,20
0.998355,0.002686,20,16,8,3,4,213,20
1.022807,-0.043242,20,16,8,4,5,223,20
1.170078,-0.01084,20,16,8,5,6,233,20
1.819751,-0.048973,20,16,8,6,7,243,20
1.915647,3.029831,20,16,8,9,10,253,20
1.29905,3.008506,20,16,8,10,11,7,20
1.207553,3.008552,20,16,8,11,12,17,20
1.202819,2.974694,20,16,8,12,13,27,20
1.344738,3.016096,20,16,8,13,14,37,20
1.875157,3.035703,20,16,8,14,15,47,20
1.857503,-0.120835,40,1,9,2,3,211,40
1.21542,-0.088994,40,1,9,3,4,221,40
1.001891,-0.069426,40,1,9,4,5,231,40
1.132952,-0.173512,40,1,9,5,6,241,40
1.426571,-0.060345,40,1,9,6,7,251,40
2.011103,-0.129829,40,1,9,7,8,5,40
1.794437,2.918221,40,1,9,10,11,15,40
1.25607,2.926336,40,1,9,11,12,25,40
1.083149,2.905138,40,1,9,12,13,35,40
1.072898,2.960648,40,1,9,13,14,45,40
1.214604,2.875747,40,1,9,14,15,55,40
1.811102,2.95105,40,1,9,15,16,65,40
1.983847,-0.146446,40,2,10,3,4,75,40
1.154705,-0.091677,40,2,10,4,5,85,40
1.038882,-0.156241,40,2,10,5,6,95,40
1.343881,-0.078753,40,2,10,6,7,105,40
1.307985,-0.108834,40,2,10,7,8,115,40
1.978234,-0.115831,40,2,10,8,9,125,40
1.845792,2.937412,40,2,10,11,12,135,40
1.237839,2.905127,40,2,10,12,13,145,40
1.107475,2.937362,40,2,10,13,14,155,40
1.096666,2.850832,40,2,10,14,15,165,40
1.202382,2.924926,40,2,10,15,16,175,40
1.880969,2.924123,40,2,10,16,1,185,40
1.940815,2.929646,40,3,11,1,2,195,40
1.728219,-0.122582,40,3,11,4,5,205,40
1.382045,-0.19344,40,3,11,5,6,215,40
1.1839,-0.013461,40,3,11,6,7,225,40
1.187036,-0.115881,40,3,11,7,8,235,40
1.429238,-0.102841,40,3,11,8,9,245,40
2.138151,-0.152937,40,3,11,9,10,255,40
1.988095,2.887102,40,3,11,12,13,9,40
1.262287,2.933503,40,3,11,13,14,19,40
1.096723,2.85089,40,3,11,14,15,29,40
1.047772,2.927823,40,3,11,15,16,39,40
1.072948,2.960598,40,3,11,16,1,49,40
1.332963,2.896179,40,4,12,1,2,59,40
1.845612,2.937342,40,4,12,2,3,69,40
2.076769,-0.182041,40,4,12,5,6,79,40
1.395646,-0.039137,40,4,12,6,7,89,40
1.186804,-0.115934,40,4,12,7,8,99,40
1.307863,-0.108745,40,4,12,8,9,109,40
1.527948,-0.158531,40,4,12,9,10,119,40
1.889878,-0.135599,40,4,12,10,11,129,40
1.870883,2.956115,40,4,12,13,14,139,40
1.192241,2.845216,40,4,12,14,15,149,40
1.012704,2.952131,40,4,12,15,16,159,40
0.918306,2.969951,40,4,12,16,1,169,40
1.214469,2.875726,40,5,13,1,2,179,40
1.167266,2.945876,40,5,13,2,3,189,40
2.095114,2.92783,40,5,13,3,4,199,40
2.003397,-0.069457,40,5,13,6,7,209,40
1.340539,-0.12975,40,5,13,7,8,219,40
1.291796,-0.09772,40,5,13,8,9,229,40
1.37371,-0.149782,40,5,13,9,10,239,40
1.307797,-0.108816,40,5,13,10,11,249,40
1.856955,-0.120921,40,5,13,11,12,3,40
1.737659,2.891313,40,5,13,14,15,13,40
1.167243,2.94595,40,5,13,15,16,23,40
0.918306,2.970013,40,5,13,16,1,33,40
1.214486,2.87575,40,6,14,1,2,43,40
1.012831,2.952272,40,6,14,2,3,53,40
1.133004,2.968285,40,6,14,3,4,63,40
1.656442,2.955505,40,6,14,4,5,73,40
1.881836,-0.13181,40,6,14,7,8,83,40
1.428981,-0.102785,40,6,14,8,9,93,40
1.340539,-0.129774,40,6,14,9,10,103,40
1.154552,-0.09165,40,6,14,10,11,113,40
1.340541,-0.129691,40,6,14,11,12,123,40
2.051156,-0.172559,40,6,14,12,13,133,40
1.810887,2.947659,40,6,14,15,16,143,40
1.072715,2.960607,40,6,14,16,1,153,40
1.333136,2.896064,40,7,15,1,2,163,40
0.987995,2.9171,40,7,15,2,3,173,40
0.952814,2.942538,40,7,15,3,4,183,40
1.047606,2.92778,40,7,15,4,5,193,40
1.95707,2.978097,40,7,15,5,6,203,40
1.99452,-0.122795,40,7,15,8,9,213,40
1.494462,-0.140791,40,7,15,9,10,223,40
1.186881,-0.115815,40,7,15,10,11,233,40
1.186883,-0.115829,40,7,15,11,12,243,40
1.307942,-0.108772,40,7,15,12,13,253,40
1.896891,-0.167429,40,7,15,13,14,7,40
1.898438,2.914534,40,7,15,16,1,17,40
1.916181,2.911219,40,8,16,1,2,27,40
1.107415,2.937341,40,8,16,2,3,37,40
0.952735,2.942578,40,8,16,3,4,47,40
0.892849,2.931864,40,8,16,4,5,57,40
1.425427,2.92611,40,8,16,5,6,67,40
1.833074,2.885582,40,8,16,6,7,77,40
2.104321,-0.140193,40,8,16,9,10,87,40
1.307859,-0.108854,40,8,16,10,11,97,40
1.186821,-0.115875,40,8,16,11,12,107,40
1.186761,-0.115909,40,8,16,12,13,117,40
1.219705,-0.138783,40,8,16,13,14,127,40
1.917443,-0.118289,40,8,16,14,15,137,40
1.84525,2.937288,40,9,1,2,3,147,40
1.107124,2.937315,40,9,1,3,4,157,40
0.919227,2.911756,40,9,1,4,5,167,40
1.356594,2.922707,40,9,1,5,6,177,40
1.155139,2.863963,40,9,1,6,7,187,40
1.905059,2.942671,40,9,1,7,8,197,40
1.889506,-0.1357,40,9,1,10,11,207,40
1.368138,-0.105699,40,9,1,11,12,217,40
1.154329,-0.091712,40,9,1,12,13,227,40
1.126096,-0.119936,40,9,1,13,14,237,40
1.304791,-0.062334,40,9,1,14,15,247,40
1.856717,-0.120816,40,9,1,15,16,1,40
1.951447,2.899052,40,10,2,3,4,11,40
1.047353,2.927776,40,10,2,4,5,21,40
1.159129,2.997633,40,10,2,5,6,31,40
1.075103,2.816459,40,10,2,6,7,41,40
1.23752,2.905041,40,10,2,7,8,51,40
1.905167,2.942523,40,10,2,8,9,61,40
1.917259,-0.118247,40,10,2,11,12,71,40
1.307609,-0.108737,40,10,2,12,13,81,40
1.098822,-0.14974,40,10,2,13,14,91,40
1.183544,-0.064671,40,10,2,14,15,101,40
1.279933,-0.133988,40,10,2,15,16,111,40
1.922938,-0.14974,40,10,2,16,1,121,40
1.950219,-0.132567,40,11,3,1,2,131,40
1.630949,2.934276,40,11,3,4,5,141,40
1.313351,2.986674,40,11,3,5,6,151,40
1.075248,2.81649,40,11,3,6,7,161,40
1.118851,2.883885,40,11,3,7,8,171,40
1.321769,2.941059,40,11,3,8,9,181,40
2.046903,2.893423,40,11,3,9,10,191,40
2.023695,-0.148172,40,11,3,12,13,201,40
1.219597,-0.138852,40,11,3,13,14,211,40
1.213591,-0.03916,40,11,3,14,15,221,40
1.140342,-0.11999,40,11,3,15,16,231,40
1.122942,-0.06613,40,11,3,16,1,241,40
1.288114,-0.139306,40,12,4,1,2,251,40
1.949807,-0.132652,40,12,4,2,3,5,40
2.05054,2.968865,40,12,4,5,6,15,40
1.287618,2.840251,40,12,4,6,7,25,40
1.118559,2.883701,40,12,4,7,8,35,40
1.201876,2.924724,40,12,4,8,9,45,40
1.405162,2.862687,40,12,4,9,10,55,40
1.820469,2.918117,40,12,4,10,11,65,40
1.796046,-0.123669,40,12,4,13,14,75,40
1.365315,-0.061297,40,12,4,14,15,85,40
1.117886,-0.113607,40,12,4,15,16,95,40
0.97065,-0.039151,40,12,4,16,1,105,40
1.134335,-0.12001,40,13,5,1,2,115,40
1.275469,-0.086627,40,13,5,2,3,125,40
2.103707,-0.140159,40,13,5,3,4,135,40
1.779152,2.883406,40,13,5,6,7,145,40
1.237311,2.905095,40,13,5,7,8,155,40
1.201866,2.924833,40,13,5,8,9,165,40
1.287563,2.840335,40,13,5,9,10,175,40
1.177855,2.894971,40,13,5,10,11,185,40
1.810355,2.951065,40,13,5,11,12,195,40
1.98447,-0.111923,40,13,5,14,15,205,40
1.268324,-0.098618,40,13,5,15,16,215,40
0.978397,-0.046666,40,13,5,16,1,225,40
1.158895,-0.144087,40,14,6,1,2,235,40
1.101098,-0.073333,40,14,6,2,3,245,40
1.307544,-0.108784,40,14,6,3,4,255,40
1.735732,-0.126673,40,14,6,4,5,9,40
1.785345,2.931705,40,14,6,7,8,19,40
1.356571,2.922564,40,14,6,8,9,29,40
1.287623,2.840297,40,14,6,9,10,39,40
1.050308,2.902176,40,14,6,10,11,49,40
1.201883,2.924845,40,14,6,11,12,59,40
1.951229,2.898985,40,14,6,12,13,69,40
1.856507,-0.12091,40,14,6,15,16,79,40
1.130189,-0.059404,40,14,6,16,1,89,40
1.279839,-0.133984,40,15,7,1,2,99,40
1.062297,-0.067456,40,15,7,2,3,109,40
1.093882,-0.094475,40,15,7,3,4,119,40
1.062187,-0.067598,40,15,7,4,5,129,40
1.776133,-0.176149,40,15,7,5,6,139,40
1.940022,2.929687,40,15,7,8,9,149,40
1.442147,2.847366,40,15,7,9,10,159,40
1.082766,2.905115,40,15,7,10,11,169,40
1.142319,2.915482,40,15,7,11,12,179,40
1.237445,2.905127,40,15,7,12,13,189,40
1.802273,2.984325,40,15,7,13,14,199,40
1.949952,-0.132667,40,15,7,16,1,209,40
1.917147,-0.118196,40,16,8,1,2,219,40
1.214947,-0.08899,40,16,8,2,3,229,40
1.062107,-0.067786,40,16,8,3,4,239,40
0.9706,-0.039186,40,16,8,4,5,249,40
1.22684,-0.188015,40,16,8,5,6,3,40
1.95225,-0.097422,40,16,8,6,7,13,40
2.046462,2.893468,40,16,8,9,10,23,40
1.201912,2.91497,40,16,8,10,11,33,40
1.142195,2.915511,40,16,8,11,12,43,40
1.082647,2.905084,40,16,8,12,13,53,40
1.192663,2.975004,40,16,8,13,14,63,40
1.778712,2.898423,40,16,8,14,15,73,40
1.738095,-0.214787,70,1,9,2,3,239,70
1.216719,-0.214592,70,1,9,3,4,249,70
0.905999,-0.171319,70,1,9,4,5,3,70
1.148029,-0.197595,70,1,9,5,6,13,70
1.239715,-0.220036,70,1,9,6,7,23,70
1.771957,-0.24799,70,1,9,7,8,33,70
1.735581,2.786697,70,1,9,10,11,43,70
1.256129,2.801214,70,1,9,11,12,53,70
1.150024,2.731765,70,1,9,12,13,63,70
1.161897,2.730793,70,1,9,13,14,73,70
1.202344,2.767942,70,1,9,14,15,83,70
1.884155,2.801156,70,1,9,15,16,93,70
1.876265,-0.235671,70,2,10,3,4,103,70
1.056991,-0.171302,70,2,10,4,5,113,70
1.073019,-0.129124,70,2,10,5,6,123,70
1.216095,-0.255175,70,2,10,6,7,133,70
1.068342,-0.174743,70,2,10,7,8,143,70
1.843192,-0.20406,70,2,10,8,9,153,70
1.88417,2.801052,70,2,10,11,12,163,70
1.293958,2.759111,70,2,10,12,13,173,70
1.149962,2.73145,70,2,10,13,14,183,70
1.012935,2.7903,70,2,10,14,15,193,70
1.249768,2.763424,70,2,10,15,16,203,70
1.837072,2.805156,70,2,10,16,1,213,70
1.837281,2.805154,70,3,11,1,2,223,70
1.692435,-0.20697,70,3,11,4,5,233,70
1.299085,-0.194548,70,3,11,5,6,243,70
1.113908,-0.188181,70,3,11,6,7,253,70
0.951495,-0.187108,70,3,11,7,8,7,70
1.313876,-0.159828,70,3,11,8,9,17,70
1.864849,-0.234148,70,3,11,9,10,27,70
1.877694,2.775995,70,3,11,12,13,37,70
1.245302,2.725189,70,3,11,13,14,47,70
0.96578,2.79735,70,3,11,14,15,57,70
1.150075,2.731592,70,3,11,15,16,67,70
1.249852,2.763311,70,3,11,16,1,77,70
1.114624,2.820546,70,4,12,1,2,87,70
1.750982,2.840488,70,4,12,2,3,97,70
2.026753,-0.231051,70,4,12,5,6,107,70
1.253217,-0.183431,70,4,12,6,7,117,70
1.004286,-0.171943,70,4,12,7,8,127,70
1.179152,-0.120232,70,4,12,8,9,137,70
1.277425,-0.207414,70,4,12,9,10,147,70
1.725394,-0.241391,70,4,12,10,11,157,70
1.877247,2.775968,70,4,12,13,14,167,70
1.114579,2.820632,70,4,12,14,15,177,70
1.102233,2.735223,70,4,12,15,16,187,70
1.102243,2.735273,70,4,12,16,1,197,70
0.997267,2.841282,70,5,13,1,2,207,70
1.210971,2.845827,70,5,13,2,3,217,70
2.032898,2.813607,70,5,13,3,4,227,70
1.751665,-0.188573,70,5,13,6,7,237,70
1.147866,-0.197626,70,5,13,7,8,247,70
1.134898,-0.104799,70,5,13,8,9,1,70
1.147798,-0.197744,70,5,13,9,10,11,70
1.147838,-0.197693,70,5,13,10,11,21,70
1.783919,-0.222137,70,5,13,11,12,31,70
1.770716,2.783625,70,5,13,14,15,41,70
1.297015,2.759116,70,5,13,15,16,51,70
1.102251,2.735163,70,5,13,16,1,61,70
0.973922,2.845936,70,6,14,1,2,71,70
1.020742,2.836703,70,6,14,2,3,81,70
1.24964,2.763351,70,6,14,3,4,91,70
1.688058,2.790423,70,6,14,4,5,101,70
1.692044,-0.207057,70,6,14,7,8,111,70
1.268595,-0.147562,70,6,14,8,9,121,70
1.147863,-0.197532,70,6,14,9,10,131,70
1.011677,-0.156339,70,6,14,10,11,141,70
1.2395,-0.220092,70,6,14,11,12,151,70
1.818047,-0.254525,70,6,14,12,13,161,70
1.83674,2.80506,70,6,14,15,16,171,70
1.202173,2.768049,70,6,14,16,1,181,70
1.114755,2.820739,70,7,15,1,2,191,70
1.014893,2.802018,70,7,15,2,3,201,70
1.054862,2.739293,70,7,15,3,4,211,70
1.107533,2.778209,70,7,15,4,5,221,70
1.872269,2.802255,70,7,15,5,6,231,70
1.850114,-0.191769,70,7,15,8,9,241,70
1.253361,-0.183298,70,7,15,9,10,251,70
1.011844,-0.156217,70,7,15,10,11,5,70
1.144767,-0.19745,70,7,15,11,12,15,70
1.285715,-0.229938,70,7,15,12,13,25,70
1.818318,-0.254367,70,7,15,13,14,35,70
1.786293,2.796202,70,7,15,16,1,45,70
1.782627,2.782942,70,8,16,1,2,55,70
1.126424,2.819153,70,8,16,2,3,65,70
1.054756,2.739408,70,8,16,3,4,75,70
1.012841,2.79061,70,8,16,4,5,85,70
1.249625,2.763573,70,8,16,5,6,95,70
1.924697,2.785406,70,8,16,6,7,105,70
1.888723,-0.211225,70,8,16,9,10,115,70
1.162643,-0.158227,70,8,16,10,11,125,70
1.147802,-0.197608,70,8,16,11,12,135,70
1.13484,-0.237808,70,8,16,12,13,145,70
1.117618,-0.144269,70,8,16,13,14,155,70
1.81805,-0.254481,70,8,16,14,15,165,70
1.742148,2.813697,70,9,1,2,3,175,70
1.244809,2.725345,70,9,1,3,4,185,70
1.007007,2.743559,70,9,1,4,5,195,70
1.265885,2.686263,70,9,1,5,6,205,70
1.296795,2.759206,70,9,1,6,7,215,70
1.750582,2.840581,70,9,1,7,8,225,70
1.737596,-0.214676,70,9,1,10,11,235,70
1.25299,-0.183178,70,9,1,11,12,245,70
1.14767,-0.197441,70,9,1,12,13,255,70
1.011486,-0.156351,70,9,1,13,14,9,70
1.207632,-0.171208,70,9,1,14,15,19,70
1.826647,-0.254299,70,9,1,15,16,29,70
1.87713,2.776175,70,10,2,3,4,39,70
1.141564,2.773099,70,10,2,4,5,49,70
0.864619,2.759426,70,10,2,5,6,59,70
1.107285,2.778421,70,10,2,6,7,69,70
1.161528,2.813867,70,10,2,7,8,79,70
1.853792,2.856198,70,10,2,8,9,89,70
1.842652,-0.203821,70,10,2,11,12,99,70
1.298603,-0.194392,70,10,2,12,13,109,70
1.056697,-0.171141,70,10,2,13,14,119,70
1.011533,-0.156198,70,10,2,14,15,129,70
1.239295,-0.21995,70,10,2,15,16,139,70
1.783575,-0.221995,70,10,2,16,1,149,70
1.783743,-0.221981,70,11,3,1,2,159,70
1.729174,2.759359,70,11,3,4,5,169,70
1.030521,2.882393,70,11,3,5,6,179,70
1.154666,2.772996,70,11,3,6,7,189,70
1.059979,2.784126,70,11,3,7,8,199,70
1.26397,2.838586,70,11,3,8,9,209,70
1.883665,2.801265,70,11,3,9,10,219,70
1.829754,-0.228997,70,11,3,12,13,229,70
1.193458,-0.20915,70,11,3,13,14,239,70
1.011566,-0.156225,70,11,3,14,15,249,70
1.102148,-0.184788,70,11,3,15,16,3,70
1.253052,-0.183265,70,11,3,16,1,13,70
1.239083,-0.219945,70,12,4,1,2,23,70
1.751028,-0.188459,70,12,4,2,3,33,70
1.853409,2.856119,70,12,4,5,6,43,70
1.161223,2.813806,70,12,4,6,7,53,70
1.059727,2.784211,70,12,4,7,8,63,70
1.161223,2.813788,70,12,4,8,9,73,70
1.296605,2.75938,70,12,4,9,10,83,70
1.83611,2.805328,70,12,4,10,11,93,70
1.783271,-0.221973,70,12,4,13,14,103,70
1.117309,-0.144115,70,12,4,14,15,113,70
1.101908,-0.184867,70,12,4,15,16,123,70
1.147452,-0.197496,70,12,4,16,1,133,70
1.101863,-0.184884,70,13,5,1,2,143,70
1.20746,-0.171136,70,13,5,2,3,153,70
2.014246,-0.253551,70,13,5,3,4,163,70
1.836164,2.805445,70,13,5,6,7,173,70
1.107037,2.778375,70,13,5,7,8,183,70
1.114276,2.820975,70,13,5,8,9,193,70
1.149519,2.731881,70,13,5,9,10,203,70
1.24916,2.763686,70,13,5,10,11,213,70
1.789051,2.809589,70,13,5,11,12,223,70
1.751051,-0.190306,70,13,5,14,15,233,70
1.239087,-0.219859,70,13,5,15,16,243,70
1.124756,-0.18795,70,13,5,16,1,253,70
1.095133,-0.205956,70,14,6,1,2,7,70
1.056536,-0.171101,70,14,6,2,3,17,70
1.285149,-0.229754,70,14,6,3,4,27,70
1.724822,-0.241093,70,14,6,4,5,37,70
1.687438,2.790707,70,14,6,7,8,47,70
1.263704,2.838695,70,14,6,8,9,57,70
1.151959,2.731864,70,14,6,9,10,67,70
1.14942,2.732002,70,14,6,10,11,77,70
1.255526,2.801459,70,14,6,11,12,87,70
1.829295,2.779637,70,14,6,12,13,97,70
1.796782,-0.196197,70,14,6,15,16,107,70
1.252833,-0.183107,70,14,6,16,1,117,70
1.239368,-0.219663,70,15,7,1,2,127,70
1.02276,-0.159851,70,15,7,2,3,137,70
1.134618,-0.237502,70,15,7,3,4,147,70
1.147576,-0.197311,70,15,7,4,5,157,70
1.509357,-0.170991,70,15,7,5,6,167,70
1.844361,2.831077,70,15,7,8,9,177,70
1.296692,2.759678,70,15,7,9,10,187,70
1.149493,2.732035,70,15,7,10,11,197,70
1.154427,2.773299,70,15,7,11,12,207,70
1.292242,2.722713,70,15,7,12,13,217,70
1.930536,2.797647,70,15,7,13,14,227,70
1.796626,-0.196237,70,15,7,16,1,237,70
1.796663,-0.196144,70,16,8,1,2,247,70
1.162326,-0.157825,70,16,8,2,3,1,70
1.09174,-0.226377,70,16,8,3,4,11,70
1.042371,-0.214312,70,16,8,4,5,21,70
1.252808,-0.182909,70,16,8,5,6,31,70
1.829172,-0.228801,70,16,8,6,7,41,70
1.930486,2.79787,70,16,8,9,10,51,70
1.293235,2.759579,70,16,8,10,11,61,70
1.154349,2.773268,70,16,8,11,12,71,70
1.149425,2.732045,70,16,8,12,13,81,70
1.296546,2.759587,70,16,8,13,14,91,70
1.836083,2.805421,70,16,8,14,15,101,70
1.840755,-0.256023,100,1,9,2,3,15,100
1.166752,-0.170221,100,1,9,3,4,25,100
1.105437,-0.278179,100,1,9,4,5,35,100
1.105437,-0.167182,100,1,9,5,6,45,100
1.350402,-0.268008,100,1,9,6,7,55,100
1.992696,-0.345895,100,1,9,7,8,65,100
1.609575,2.609305,100,1,9,10,11,75,100
1.241565,2.5661,100,1,9,11,12,85,100
1.014972,2.482593,100,1,9,12,13,95,100
1.07089,2.506728,100,1,9,13,14,105,100
1.152018,2.479306,100,1,9,14,15,115,100
1.668031,2.620793,100,1,9,15,16,125,100
1.779052,-0.256915,100,2,10,3,4,135,100
1.227906,-0.272187,100,2,10,4,5,145,100
1.105415,-0.166754,100,2,10,5,6,155,100
1.165849,-0.195985,100,2,10,6,7,165,100
1.422292,-0.351883,100,2,10,7,8,175,100
1.716942,-0.222181,100,2,10,8,9,185,100
1.803456,2.608414,100,2,10,11,12,195,100
1.207851,2.501193,100,2,10,12,13,205,100
1.096938,2.455788,100,2,10,13,14,215,100
0.911588,2.576388,100,2,10,14,15,225,100
1.105474,2.580215,100,2,10,15,16,235,100
1.716861,2.600678,100,2,10,16,1,245,100
1.651159,2.656853,100,3,11,1,2,255,100
1.848631,-0.321333,100,3,11,4,5,9,100
1.411664,-0.265227,100,3,11,5,6,19,100
1.226376,-0.221776,100,3,11,6,7,29,100
1.300796,-0.363578,100,3,11,7,8,39,100
1.24004,-0.072751,100,3,11,8,9,49,100
1.843604,-0.288137,100,3,11,9,10,59,100
1.765458,2.565419,100,3,11,12,13,69,100
1.207892,2.501829,100,3,11,13,14,79,100
0.911536,2.577101,100,3,11,14,15,89,100
0.969444,2.598481,100,3,11,15,16,99,100
1.10543,2.580928,100,3,11,16,1,109,100
1.086162,2.634083,100,4,12,1,2,119,100
1.623011,2.730225,100,4,12,2,3,129,100
2.026632,-0.281839,100,4,12,5,6,139,100
1.348642,-0.221235,100,4,12,6,7,149,100
1.300431,-0.363037,100,4,12,7,8,159,100
1.118638,-0.055956,100,4,12,8,9,169,100
1.272018,-0.221087,100,4,12,9,10,179,100
1.655091,-0.220903,100,4,12,10,11,189,100
1.764874,2.56612,100,4,12,13,14,199,100
1.027575,2.617805,100,4,12,14,15,209,100
0.990353,2.540279,100,4,12,15,16,219,100
0.969243,2.593621,100,4,12,16,1,229,100
0.950246,2.593666,100,5,13,1,2,239,100
1.070556,2.6897,100,5,13,2,3,249,100
1.903174,2.6603,100,5,13,3,4,3,100
1.778451,-0.194873,100,5,13,6,7,13,100
1.361068,-0.35605,100,5,13,7,8,23,100
1.118609,-0.055374,100,5,13,8,9,33,100
1.105029,-0.164976,100,5,13,9,10,43,100
1.166301,-0.167916,100,5,13,10,11,53,100
1.848091,-0.320056,100,5,13,11,12,63,100
1.591421,2.648186,100,5,13,14,15,73,100
1.126916,2.5307,100,5,13,15,16,83,100
0.990196,2.540918,100,5,13,16,1,93,100
0.91141,2.578464,100,6,14,1,2,103,100
0.892749,2.643062,100,6,14,2,3,113,100
1.241087,2.5685,100,6,14,3,4,123,100
1.702306,2.562908,100,6,14,4,5,133,100
1.915915,-0.348205,100,6,14,7,8,143,100
1.235776,-0.099136,100,6,14,8,9,153,100
1.104939,-0.164362,100,6,14,9,10,163,100
1.04911,-0.102751,100,6,14,10,11,173,100
1.288563,-0.267342,100,6,14,11,12,183,100
1.847763,-0.319316,100,6,14,12,13,193,100
1.74428,2.600243,100,6,14,15,16,203,100
1.115803,2.557043,100,6,14,16,1,213,100
1.02714,2.619079,100,7,15,1,2,223,100
0.906433,2.595147,100,7,15,2,3,233,100
1.089792,2.477212,100,7,15,3,4,243,100
1.151492,2.482299,100,7,15,4,5,253,100
1.744187,2.600503,100,7,15,5,6,7,100
1.778345,-0.184798,100,7,15,8,9,17,100
1.287002,-0.219243,100,7,15,9,10,27,100
1.043665,-0.160464,100,7,15,10,11,37,100
1.164455,-0.219124,100,7,15,11,12,47,100
1.290588,-0.290298,100,7,15,12,13,57,100
1.924332,-0.378896,100,7,15,13,14,67,100
1.686151,2.589437,100,7,15,16,1,77,100
1.646197,2.668489,100,8,16,1,2,87,100
1.027266,2.619582,100,8,16,2,3,97,100
1.070095,2.510386,100,8,16,3,4,107,100
1.014353,2.486148,100,8,16,4,5,117,100
1.104728,2.583506,100,8,16,5,6,127,100
1.74391,2.601189,100,8,16,6,7,137,100
1.900475,-0.250817,100,8,16,9,10,147,100
1.165853,-0.165921,100,8,16,10,11,157,100
1.164183,-0.218392,100,8,16,11,12,167,100
1.165807,-0.270928,100,8,16,12,13,177,100
1.225456,-0.218392,100,8,16,13,14,187,100
1.9083,-0.314943,100,8,16,14,15,197,100
1.590624,2.649894,100,9,1,2,3,207,100
1.220828,2.509891,100,9,1,3,4,217,100
1.000949,2.453071,100,9,1,4,5,227,100
1.095889,2.459643,100,9,1,5,6,237,100
1.183148,2.552351,100,9,1,6,7,247,100
1.80178,2.61234,100,9,1,7,8,1,100
1.716312,-0.253837,100,9,1,10,11,11,100
1.286537,-0.218159,100,9,1,11,12,21,100
1.164815,-0.24445,100,9,1,12,13,31,100
1.043282,-0.159403,100,9,1,13,14,41,100
1.225182,-0.218042,100,9,1,14,15,51,100
1.841891,-0.284514,100,9,1,15,16,61,100
1.802134,2.612585,100,10,2,3,4,71,100
1.151003,2.483804,100,10,2,4,5,81,100
0.968632,2.601992,100,10,2,5,6,91,100
1.069927,2.511284,100,10,2,6,7,101,100
1.183097,2.553064,100,10,2,7,8,111,100
1.561789,2.726559,100,10,2,8,9,121,100
1.902999,-0.281993,100,10,2,11,12,131,100
1.349091,-0.263013,100,10,2,12,13,141,100
1.043193,-0.158882,100,10,2,13,14,151,100
1.109461,-0.106885,100,10,2,14,15,161,100
1.225194,-0.217518,100,10,2,15,16,171,100
1.792922,-0.251652,100,10,2,16,1,181,100
1.908146,-0.313941,100,11,3,1,2,191,100
1.70657,2.557068,100,11,3,4,5,201,100
1.206638,2.506135,100,11,3,5,6,211,100
0.983193,2.602502,100,11,3,6,7,221,100
1.058333,2.533324,100,11,3,7,8,231,100
1.048575,2.774893,100,11,3,8,9,241,100
1.72507,2.636399,100,11,3,9,10,251,100
1.902968,-0.281589,100,11,3,12,13,5,100
1.196134,-0.165819,100,11,3,13,14,15,100
1.048602,-0.099958,100,11,3,14,15,25,100
1.104304,-0.161427,100,11,3,15,16,35,100
1.17038,-0.112064,100,11,3,16,1,45,100
1.287743,-0.264445,100,12,4,1,2,55,100
1.83839,-0.250085,100,12,4,2,3,65,100
1.878745,2.592785,100,12,4,5,6,75,100
1.085276,2.638777,100,12,4,6,7,85,100
1.069632,2.512586,100,12,4,7,8,95,100
0.936843,2.727718,100,12,4,8,9,105,100
1.085235,2.639062,100,12,4,9,10,115,100
1.685027,2.591869,100,12,4,10,11,125,100
1.77714,-0.250877,100,12,4,13,14,135,100
1.166441,-0.150722,100,12,4,14,15,145,100
1.104106,-0.160784,100,12,4,15,16,155,100
1.048255,-0.09898,100,12,4,16,1,165,100
1.16378,-0.216208,100,13,5,1,2,175,100
1.286095,-0.216028,100,13,5,2,3,185,100
1.968399,-0.309457,100,13,5,3,4,195,100
1.742996,2.603766,100,13,5,6,7,205,100
1.206304,2.507452,100,13,5,7,8,215,100
0.936801,2.72843,100,13,5,8,9,225,100
0.968299,2.604075,100,13,5,9,10,235,100
1.150631,2.486078,100,13,5,10,11,245,100
1.724615,2.637865,100,13,5,11,12,255,100
1.776006,-0.215768,100,13,5,14,15,9,100
1.286107,-0.215576,100,13,5,15,16,19,100
1.048236,-0.098375,100,13,5,16,1,29,100
1.164901,-0.216011,100,14,6,1,2,39,100
1.163536,-0.215292,100,14,6,2,3,49,100
1.382462,-0.303967,100,14,6,3,4,59,100
1.792674,-0.343751,100,14,6,4,5,69,100
1.785375,2.53959,100,14,6,7,8,79,100
1.069473,2.69547,100,14,6,8,9,89,100
0.968286,2.60493,100,14,6,9,10,99,100
1.013607,2.490074,100,14,6,10,11,109,100
1.129415,2.579557,100,14,6,11,12,119,100
1.763125,2.572139,100,14,6,12,13,129,100
1.902298,-0.279079,100,14,6,15,16,139,100
1.20038,-0.112379,100,14,6,16,1,149,100
1.288185,-0.261961,100,15,7,1,2,159,100
1.16371,-0.214194,100,15,7,2,3,169,100
1.226394,-0.264185,100,15,7,3,4,179,100
1.29196,-0.309029,100,15,7,4,5,189,100
1.842649,-0.288915,100,15,7,5,6,199,100
1.634092,2.700833,100,15,7,8,9,209,100
1.089907,2.628294,100,15,7,9,10,219,100
1.041083,2.437675,100,15,7,10,11,229,100
1.046495,2.568957,100,15,7,11,12,239,100
1.150558,2.487991,100,15,7,12,13,249,100
1.648955,2.66481,100,15,7,13,14,3,100
1.837198,-0.213658,100,15,7,16,1,13,100
1.842172,-0.280195,100,16,8,1,2,23,100
1.285931,-0.213435,100,16,8,2,3,33,100
1.226325,-0.263444,100,16,8,3,4,43,100
1.164985,-0.265912,100,16,8,4,5,53,100
1.285835,-0.213324,100,16,8,5,6,63,100
1.861274,-0.312271,100,16,8,6,7,73,100
1.742581,2.606701,100,16,8,9,10,83,100
1.182555,2.557569,100,16,8,10,11,93,100
1.046251,2.56971,100,16,8,11,12,103,100
1.040879,2.438667,100,16,8,12,13,113,100
1.089667,2.629239,100,16,8,13,14,123,100
1.665621,2.630173,100,16,8,14,15,133,100
1.521256,-0.519811,200,1,9,2,3,48,200
0.983075,-0.280445,200,1,9,3,4,58,200
0.913054,-0.542815,200,1,9,4,5,68,200
0.941753,-0.279602,200,1,9,5,6,78,200
1.033138,-0.685293,200,1,9,6,7,88,200
1.47234,-0.418314,200,1,9,7,8,98,200
1.63339,2.135421,200,1,9,10,11,108,200
1.064809,2.212476,200,1,9,11,12,118,200
1.024075,2.11361,200,1,9,12,13,128,200
1.003632,2.093108,200,1,9,13,14,138,200
1.224615,2.135973,200,1,9,14,15,148,200
1.722491,2.231528,200,1,9,15,16,158,200
1.472144,-0.417006,200,2,10,3,4,168,200
0.912958,-0.541071,200,2,10,4,5,178,200
0.983241,-0.27764,200,2,10,5,6,188,200
0.886293,-0.107021,200,2,10,6,7,198,200
1.003575,-0.437408,200,2,10,7,8,208,200
1.505553,-0.141677,200,2,10,8,9,218,200
1.722358,2.232988,200,2,10,11,12,228,200
1.224677,2.138327,200,2,10,12,13,238,200
1.154636,1.99643,200,2,10,13,14,248,200
1.023853,2.054895,200,2,10,14,15,2,200
1.064474,2.215535,200,2,10,15,16,12,200
1.596292,2.08647,200,2,10,16,1,22,200
1.722149,2.23415,200,3,11,1,2,32,200
1.425697,-0.589693,200,3,11,4,5,42,200
1.064653,-0.434908,200,3,11,5,6,52,200
0.983048,-0.276042,200,3,11,6,7,62,200
0.816539,-0.357991,200,3,11,7,8,72,200
1.10304,0.188522,200,3,11,8,9,82,200
1.471991,-0.413199,200,3,11,9,10,92,200
1.632977,2.140682,200,3,11,12,13,102,200
1.154653,1.999075,200,3,11,13,14,112,200
1.11057,1.841965,200,3,11,14,15,122,200
1.003498,2.097809,200,3,11,15,16,132,200
1.154692,1.999389,200,3,11,16,1,142,200
1.224301,2.141231,200,4,12,1,2,152,200
1.632799,2.141698,200,4,12,2,3,162,200
1.632722,-0.355958,200,4,12,5,6,172,200
0.983121,-0.273615,200,4,12,6,7,182,200
0.983029,-0.272817,200,4,12,7,8,192,200
0.930766,0.305376,200,4,12,8,9,202,200
0.982967,-0.272236,200,4,12,9,10,212,200
1.426015,-0.586291,200,4,12,10,11,222,200
1.633042,2.143037,200,4,12,13,14,232,200
1.154772,2.000849,200,4,12,14,15,242,200
0.98319,2.060186,200,4,12,15,16,252,200
1.110553,1.85318,200,4,12,16,1,6,200
1.064554,2.220317,200,5,13,1,2,16,200
1.224665,2.143908,200,5,13,2,3,26,200
1.826094,2.324083,200,5,13,3,4,36,200
1.472291,-0.40965,200,5,13,6,7,46,200
0.98335,-0.27043,200,5,13,7,8,56,200
0.926615,0.258422,200,5,13,8,9,66,200
0.983287,-0.332197,200,5,13,9,10,76,200
0.941716,-0.290409,200,5,13,10,11,86,200
1.426467,-0.583758,200,5,13,11,12,96,200
1.633625,2.145133,200,5,13,14,15,106,200
1.155073,2.003817,200,5,13,15,16,116,200
1.110877,1.847506,200,5,13,16,1,126,200
1.064896,2.223938,200,6,14,1,2,136,200
0.983453,2.063081,200,6,14,2,3,146,200
1.22502,2.146585,200,6,14,3,4,156,200
1.560667,2.042032,200,6,14,4,5,166,200
1.472777,-0.406682,200,6,14,7,8,176,200
1.096256,0.112788,200,6,14,8,9,186,200
0.924456,-0.350569,200,6,14,9,10,196,200
0.817074,-0.350569,200,6,14,10,11,206,200
0.983855,-0.267138,200,6,14,11,12,216,200
1.317448,-0.474634,200,6,14,12,13,226,200
1.723505,2.243055,200,6,14,15,16,236,200
1.155402,2.006351,200,6,14,16,1,246,200
1.225247,2.149401,200,7,15,1,2,0,200
0.98402,2.065107,200,7,15,2,3,10,200
1.064919,2.225132,200,7,15,3,4,20,200
1.111193,1.850185,200,7,15,4,5,30,200
1.634296,2.149226,200,7,15,5,6,40,200
1.418484,-0.163445,200,7,15,8,9,50,200
1.065431,-0.425565,200,7,15,9,10,60,200
0.817148,-0.348576,200,7,15,10,11,70,200
0.817121,-0.348503,200,7,15,11,12,80,200
0.983911,-0.265071,200,7,15,12,13,90,200
1.550724,-0.66972,200,7,15,13,14,100,200
1.733481,2.008597,200,7,15,16,1,110,200
1.723898,2.246235,200,8,16,1,2,120,200
1.154776,2.008721,200,8,16,2,3,130,200
1.065251,2.227513,200,8,16,3,4,140,200
0.931535,1.884571,200,8,16,4,5,150,200
1.170001,2.362748,200,8,16,5,6,160,200
1.723485,2.245702,200,8,16,6,7,170,200
1.571847,-0.503038,200,8,16,9,10,180,200
0.983971,-0.263103,200,8,16,10,11,190,200
0.817136,-0.346146,200,8,16,11,12,200,200
0.816899,-0.346091,200,8,16,12,13,210,200
1.033384,-0.667325,200,8,16,13,14,220,200
1.472874,-0.401589,200,8,16,14,15,230,200
1.633728,2.152291,200,9,1,2,3,240,200
1.225186,2.152402,200,9,1,3,4,250,200
0.931615,1.886274,200,9,1,4,5,4,200
1.155111,2.011265,200,9,1,5,6,14,200
1.225307,2.152201,200,9,1,6,7,24,200
1.683849,2.398051,200,9,1,7,8,34,200
1.426456,-0.57611,200,9,1,10,11,44,200
0.983507,-0.261588,200,9,1,11,12,54,200
0.81673,-0.125915,200,9,1,12,13,64,200
0.91319,-0.523994,200,9,1,13,14,74,200
1.064904,-0.421356,200,9,1,14,15,84,200
1.438074,-0.484157,200,9,1,15,16,94,200
1.723274,2.249219,200,10,2,3,4,104,200
1.111118,1.855769,200,10,2,4,5,114,200
1.026507,2.05709,200,10,2,5,6,124,200
1.069525,2.091822,200,10,2,6,7,134,200
1.169555,2.365941,200,10,2,7,8,144,200
1.549815,2.476888,200,10,2,8,9,154,200
1.571179,-0.499483,200,10,2,11,12,164,200
0.983552,-0.259522,200,10,2,12,13,174,200
0.858695,-0.321553,200,10,2,13,14,184,200
0.88911,-0.477626,200,10,2,14,15,194,200
0.983768,-0.258907,200,10,2,15,16,204,200
1.472756,-0.397256,200,10,2,16,1,214,200
1.571012,-0.498586,200,11,3,1,2,224,200
1.506413,1.937737,200,11,3,4,5,234,200
1.155253,2.015017,200,11,3,5,6,244,200
1.065205,2.232807,200,11,3,6,7,254,200
1.003294,2.360197,200,11,3,7,8,8,200
1.033253,2.478955,200,11,3,8,9,18,200
1.571258,2.313806,200,11,3,9,10,28,200
1.472572,-0.396169,200,11,3,12,13,38,200
0.983557,-0.257166,200,11,3,13,14,48,200
0.816851,-0.340598,200,11,3,14,15,58,200
0.970456,-0.222994,200,11,3,15,16,68,200
1.155014,-0.197749,200,11,3,16,1,78,200
0.983459,-0.25636,200,12,4,1,2,88,200
1.426299,-0.570383,200,12,4,2,3,98,200
1.732349,2.017482,200,12,4,5,6,108,200
1.329534,1.973089,200,12,4,6,7,118,200
0.913045,2.339305,200,12,4,7,8,128,200
1.032954,2.481274,200,12,4,8,9,138,200
1.169193,2.349005,200,12,4,9,10,148,200
1.560098,2.054937,200,12,4,10,11,158,200
1.472359,-0.393188,200,12,4,13,14,168,200
0.983316,-0.255209,200,12,4,14,15,178,200
0.98352,-0.25452,200,12,4,15,16,188,200
0.931226,-0.07112,200,12,4,16,1,198,200
0.983539,-0.254738,200,13,5,1,2,208,200
1.064937,-0.414433,200,13,5,2,3,218,200
1.552923,-0.365048,200,13,5,3,4,228,200
1.722868,2.255155,200,13,5,6,7,238,200
1.090971,2.271362,200,13,5,7,8,248,200
0.913075,2.624947,200,13,5,8,9,2,200
1.065021,2.238172,200,13,5,9,10,12,200
1.144167,1.863417,200,13,5,10,11,22,200
1.571209,2.318736,200,13,5,11,12,32,200
1.498724,-0.492777,200,13,5,14,15,42,200
0.983551,-0.252454,200,13,5,15,16,52,200
0.931254,-0.069054,200,13,5,16,1,62,200
0.984066,-0.25197,200,14,6,1,2,72,200
0.865823,-0.423777,200,14,6,2,3,82,200
0.983973,-0.251147,200,14,6,3,4,92,200
1.42667,-0.746809,200,14,6,4,5,102,200
1.571296,2.320594,200,14,6,7,8,112,200
1.033538,2.486061,200,14,6,8,9,122,200
1.065337,2.241155,200,14,6,9,10,132,200
1.11128,1.866319,200,14,6,10,11,142,200
1.225533,2.16489,200,14,6,11,12,152,200
1.593744,2.178837,200,14,6,12,13,162,200
1.472851,-0.38841,200,14,6,15,16,172,200
1.155595,-0.190687,200,14,6,16,1,182,200
0.984663,-0.247824,200,15,7,1,2,192,200
0.817276,-0.331096,200,15,7,2,3,202,200
0.817122,-0.331342,200,15,7,3,4,212,200
0.913743,-0.51095,200,15,7,4,5,222,200
1.498284,-0.436093,200,15,7,5,6,232,200
1.550522,2.489326,200,15,7,8,9,242,200
1.225795,2.167792,200,15,7,9,10,252,200
1.111765,1.869405,200,15,7,10,11,6,200
0.984263,2.085197,200,15,7,11,12,16,200
1.155913,2.026586,200,15,7,12,13,26,200
1.551179,2.490688,200,15,7,13,14,36,200
1.634645,-0.329318,200,15,7,16,1,46,200
1.474187,-0.384159,200,16,8,1,2,56,200
1.065441,-0.405665,200,16,8,2,3,66,200
0.887388,-0.266639,200,16,8,3,4,76,200
0.809911,-0.614725,200,16,8,4,5,86,200
1.027756,-0.507539,200,16,8,5,6,96,200
1.427336,-0.560139,200,16,8,6,7,106,200
1.724354,2.264996,200,16,8,9,10,116,200
1.111782,1.871762,200,16,8,10,11,126,200
1.15593,2.028654,200,16,8,11,12,136,200
1.027161,2.072721,200,16,8,12,13,146,200
1.170208,2.382224,200,16,8,13,14,156,200
1.561606,2.065457,200,16,8,14,15,166,200
